year,nflverse_team,n_dropbacks,total_epa,total_success,total_sacks,total_qb_hits,avg_cpoe
2013,ARI,622,-0.60278994,278.0,41.0,98.0,3.8050945
2013,ATL,710,28.07993,330.0,44.0,96.0,2.8431172
2013,BAL,685,-24.02105,274.0,48.0,85.0,-1.5709786
2013,BUF,607,-81.56501,246.0,48.0,103.0,-3.7098935
2013,CAR,551,64.552734,251.0,43.0,64.0,0.8516173
2013,CHI,630,100.64849,316.0,30.0,85.0,4.830148
2013,CIN,642,57.5415,297.0,29.0,46.0,1.13979
2013,CLE,750,-60.472874,296.0,49.0,118.0,-3.8274786
2013,DAL,632,47.188828,300.0,35.0,53.0,0.278111
2013,DEN,696,249.87448,382.0,20.0,54.0,6.247052
2013,DET,670,47.6906,309.0,23.0,66.0,-3.3220494
2013,GB,648,59.431572,307.0,45.0,71.0,2.957456
2013,HOU,681,-87.64773,280.0,42.0,109.0,-3.144113
2013,IND,663,52.973396,305.0,32.0,105.0,-1.4793215
2013,JAX,661,-107.46682,268.0,50.0,98.0,-3.951336
2013,KC,631,41.570076,281.0,41.0,72.0,-2.4123878
2013,LA,559,-37.611443,241.0,36.0,72.0,-3.8464763
2013,LAC,587,162.69156,309.0,30.0,62.0,7.9862833
2013,LV,600,-28.480612,253.0,44.0,71.0,-3.4954314
2013,MIA,663,1.7939835,290.0,58.0,97.0,-0.024611363
2013,MIN,627,-46.29603,259.0,44.0,80.0,-2.21946
2013,NE,669,71.91258,313.0,40.0,77.0,-1.35107
2013,NO,699,153.05374,355.0,37.0,74.0,5.3627353
2013,NYG,613,-72.69045,259.0,40.0,83.0,-3.0781877
2013,NYJ,561,-62.015514,228.0,47.0,93.0,-4.238978
2013,PHI,593,102.49646,275.0,46.0,82.0,2.5419035
2013,PIT,638,60.51882,303.0,43.0,71.0,3.2197447
2013,SEA,514,94.78205,251.0,44.0,90.0,6.0103793
2013,SF,503,74.887566,223.0,39.0,57.0,-1.3885148
2013,TB,574,-50.695217,225.0,47.0,75.0,-2.2527268
2013,TEN,609,65.60215,270.0,37.0,82.0,1.1614475
2013,WAS,693,-38.87814,290.0,43.0,94.0,-3.8766527
2014,ARI,613,12.074157,244.0,28.0,96.0,-4.5186462
2014,ATL,683,60.738735,339.0,31.0,91.0,1.5204074
2014,BAL,577,60.050636,276.0,19.0,55.0,-0.7293849
2014,BUF,631,-24.412066,273.0,39.0,85.0,-1.8330584
2014,CAR,619,29.569723,289.0,42.0,66.0,-1.0831093
2014,CHI,675,-37.187435,305.0,41.0,82.0,-0.055982977
2014,CIN,545,-15.026316,246.0,23.0,46.0,0.775271
2014,CLE,550,-24.289017,221.0,31.0,75.0,-7.1784234
2014,DAL,516,135.34984,267.0,30.0,50.0,5.734018
2014,DEN,627,116.35443,314.0,17.0,43.0,2.9939435
2014,DET,665,39.567688,299.0,45.0,89.0,-4.6079836
2014,GB,594,176.45943,315.0,30.0,61.0,2.6410758
2014,HOU,543,17.754173,249.0,26.0,77.0,-2.2025514
2014,IND,729,89.56055,349.0,29.0,110.0,1.190054
2014,JAX,652,-140.56076,243.0,71.0,116.0,-6.7204313
2014,KC,580,50.30923,262.0,49.0,78.0,-1.6151385
2014,LA,569,-53.995453,265.0,47.0,88.0,-1.4974405
2014,LAC,630,70.21729,305.0,37.0,76.0,4.585457
2014,LV,663,-102.74174,263.0,28.0,56.0,-6.1920433
2014,MIA,647,20.110851,313.0,46.0,99.0,2.1898203
2014,MIN,603,-12.774539,261.0,51.0,94.0,-2.1052725
2014,NE,647,102.127686,306.0,26.0,83.0,1.5075244
2014,NO,698,73.47767,351.0,30.0,79.0,3.4443295
2014,NYG,642,42.19708,292.0,30.0,69.0,0.8816722
2014,NYJ,591,-50.954372,238.0,47.0,89.0,-3.4448328
2014,PHI,672,26.837627,306.0,32.0,69.0,-0.9524837
2014,PIT,646,144.00871,334.0,33.0,60.0,5.577245
2014,SEA,547,68.20022,238.0,42.0,90.0,4.0083933
2014,SF,588,20.103163,255.0,52.0,68.0,-2.352321
2014,TB,603,-40.863895,252.0,52.0,124.0,-1.6034062
2014,TEN,591,-58.016834,243.0,50.0,93.0,-2.7986264
2014,WAS,629,-42.802116,267.0,58.0,108.0,0.9390965
2015,ARI,590,133.71112,299.0,27.0,102.0,4.3470654
2015,ATL,668,66.06831,332.0,32.0,89.0,-0.04672036
2015,BAL,706,-24.913467,313.0,24.0,80.0,-0.67111677
2015,BUF,559,51.177807,245.0,42.0,73.0,2.6147096
2015,CAR,559,87.79013,269.0,33.0,59.0,0.28499785
2015,CHI,576,16.950722,258.0,34.0,75.0,1.5404708
2015,CIN,572,124.368744,288.0,32.0,57.0,4.634053
2015,CLE,706,-37.55294,295.0,53.0,121.0,-0.73435104
2015,DAL,578,-59.359367,264.0,33.0,66.0,-0.76632583
2015,DEN,656,-38.525898,280.0,39.0,97.0,-1.8258089
2015,DET,703,18.006466,338.0,44.0,101.0,-0.1959041
2015,GB,665,12.338125,284.0,47.0,102.0,-1.0602995
2015,HOU,667,5.1599717,299.0,36.0,83.0,-4.2468276
2015,IND,690,-19.15005,299.0,37.0,115.0,-4.1965017
2015,JAX,687,14.791154,306.0,51.0,86.0,-3.010706
2015,KC,577,35.689125,263.0,46.0,77.0,-0.08398513
2015,LA,497,-96.72452,187.0,18.0,94.0,-6.1669517
2015,LAC,718,56.814426,344.0,40.0,106.0,2.9861972
2015,LV,657,-6.3392944,284.0,33.0,63.0,-2.5948036
2015,MIA,639,0.440722,269.0,45.0,106.0,0.9999737
2015,MIN,527,7.620614,216.0,45.0,91.0,2.752237
2015,NE,672,119.95423,312.0,38.0,95.0,-0.3300516
2015,NO,702,103.54043,330.0,32.0,79.0,2.794834
2015,NYG,657,55.97278,303.0,27.0,71.0,-0.97998655
2015,NYJ,659,77.882065,300.0,22.0,70.0,-1.2593765
2015,PHI,671,-13.57765,294.0,37.0,96.0,-0.7821611
2015,PIT,647,64.54612,312.0,33.0,58.0,4.9534116
2015,SEA,592,143.2399,303.0,46.0,111.0,7.792352
2015,SF,628,-42.93556,250.0,53.0,93.0,-3.3693507
2015,TB,597,53.379265,279.0,27.0,109.0,-0.020704089
2015,TEN,620,-50.91533,275.0,54.0,101.0,0.09903932
2015,WAS,589,100.13204,287.0,27.0,78.0,5.5074315
2016,ARI,692,9.804531,318.0,41.0,125.0,-0.82895565
2016,ATL,594,177.79285,319.0,37.0,106.0,6.7250056
2016,BAL,718,-31.427172,310.0,33.0,76.0,-0.35524327
2016,BUF,571,43.802437,255.0,46.0,83.0,0.8622892
2016,CAR,613,-37.66394,262.0,36.0,93.0,-4.557923
2016,CHI,590,-1.6522028,279.0,28.0,70.0,0.11816584
2016,CIN,624,59.353775,302.0,41.0,70.0,2.8122227
2016,CLE,660,-29.603006,253.0,66.0,132.0,-1.3729231
2016,DAL,539,118.40929,279.0,28.0,66.0,3.8618069
2016,DEN,630,-13.218134,275.0,40.0,98.0,-0.53729093
2016,DET,655,94.84836,321.0,37.0,77.0,0.11854581
2016,GB,698,149.24638,341.0,35.0,74.0,2.830774
2016,HOU,630,-45.51659,283.0,32.0,96.0,-3.2890854
2016,IND,669,72.01716,327.0,44.0,126.0,1.3992232
2016,JAX,696,-20.181526,302.0,34.0,84.0,-4.37777
2016,KC,600,49.190887,274.0,32.0,67.0,2.3907454
2016,LA,595,-158.16663,213.0,49.0,91.0,-6.880042
2016,LAC,623,38.036396,282.0,36.0,94.0,0.07631725
2016,LV,635,62.023643,289.0,18.0,39.0,-0.23749384
2016,MIA,520,34.907223,244.0,30.0,90.0,4.5125523
2016,MIN,635,44.66148,301.0,38.0,102.0,3.817226
2016,NE,594,154.64554,288.0,24.0,72.0,2.8948612
2016,NO,699,103.78937,358.0,27.0,69.0,4.2823005
2016,NYG,623,-23.47862,275.0,22.0,63.0,-1.6218419
2016,NYJ,608,-67.481575,248.0,35.0,93.0,-4.853319
2016,PHI,662,25.55425,296.0,33.0,95.0,-0.82732224
2016,PIT,625,94.22892,297.0,21.0,56.0,1.6902059
2016,SEA,643,55.73629,313.0,42.0,109.0,4.8016605
2016,SF,589,-24.003443,242.0,47.0,78.0,-5.3791213
2016,TB,647,74.91809,320.0,35.0,107.0,2.018911
2016,TEN,557,46.33889,256.0,28.0,50.0,1.3422151
2016,WAS,638,115.14599,335.0,23.0,79.0,5.095474
2017,ARI,667,-92.9267,267.0,52.0,117.0,-4.2461042
2017,ATL,568,90.83611,282.0,24.0,88.0,3.1088846
2017,BAL,599,-46.19729,251.0,27.0,60.0,-1.2039922
2017,BUF,565,-13.162973,236.0,47.0,85.0,-0.36629865
2017,CAR,567,3.4361985,242.0,35.0,69.0,-2.9693575
2017,CHI,533,-57.02476,212.0,39.0,81.0,-3.078196
2017,CIN,560,-45.45967,227.0,40.0,61.0,-2.0421124
2017,CLE,673,-142.48134,243.0,50.0,127.0,-5.489516
2017,DAL,558,-24.540394,239.0,32.0,77.0,-0.4819775
2017,DEN,658,-92.95461,261.0,52.0,98.0,-2.4830456
2017,DET,638,33.102806,291.0,47.0,88.0,0.541916
2017,GB,652,-31.787363,288.0,51.0,102.0,-1.2770716
2017,HOU,605,-38.49756,252.0,54.0,111.0,-2.7080717
2017,IND,582,-74.70911,228.0,56.0,110.0,-4.6810246
2017,JAX,579,40.757473,265.0,24.0,74.0,-3.0296035
2017,KC,615,105.30799,298.0,37.0,83.0,4.589472
2017,LA,554,60.526844,241.0,28.0,71.0,-1.3372277
2017,LAC,602,99.505325,289.0,18.0,71.0,1.152065
2017,LV,594,-10.194414,257.0,24.0,49.0,-0.5019484
2017,MIA,645,-67.76319,268.0,33.0,77.0,-0.34720066
2017,MIN,574,70.26717,269.0,27.0,85.0,3.7698948
2017,NE,630,138.10388,316.0,35.0,83.0,3.6677418
2017,NO,558,86.25901,277.0,20.0,56.0,4.6813564
2017,NYG,654,-75.588,281.0,35.0,67.0,-3.813492
2017,NYJ,574,-8.516569,248.0,47.0,96.0,1.20989
2017,PHI,634,79.29554,290.0,36.0,106.0,0.34057218
2017,PIT,624,91.58439,310.0,24.0,65.0,3.6160374
2017,SEA,652,38.07232,300.0,43.0,122.0,4.576134
2017,SF,665,-15.356382,286.0,43.0,116.0,-3.0253181
2017,TB,679,46.30412,336.0,40.0,101.0,3.15991
2017,TEN,552,-52.085735,234.0,35.0,71.0,0.5130727
2017,WAS,604,6.629621,271.0,41.0,97.0,0.83880556
2018,ARI,563,-167.20203,205.0,52.0,107.0,-7.253129
2018,ATL,681,114.74986,347.0,42.0,105.0,4.2630234
2018,BAL,608,15.889982,276.0,32.0,64.0,-3.72205
2018,BUF,597,-94.66352,235.0,41.0,99.0,-7.1391225
2018,CAR,626,38.824417,300.0,32.0,76.0,2.7305238
2018,CHI,587,66.684166,287.0,33.0,60.0,2.4713514
2018,CIN,603,17.62426,269.0,37.0,70.0,-3.5623617
2018,CLE,643,8.818721,281.0,38.0,69.0,-0.70667404
2018,DAL,612,29.431046,275.0,56.0,104.0,1.0223702
2018,DEN,634,-12.940231,277.0,34.0,91.0,-1.0962543
2018,DET,632,-10.269195,271.0,41.0,81.0,-2.7666597
2018,GB,730,57.61278,332.0,53.0,101.0,-1.5642622
2018,HOU,621,68.82248,303.0,62.0,124.0,4.5062485
2018,IND,684,93.890495,345.0,18.0,76.0,0.7317364
2018,JAX,645,-63.31909,276.0,53.0,106.0,-4.70877
2018,KC,637,226.99733,333.0,26.0,104.0,4.412628
2018,LA,622,122.80659,317.0,33.0,70.0,1.369824
2018,LAC,559,117.296005,283.0,34.0,85.0,3.4199488
2018,LV,610,-3.293695,290.0,52.0,86.0,3.8311348
2018,MIA,517,-52.233326,213.0,52.0,107.0,-0.15320042
2018,MIN,665,-21.477758,318.0,40.0,94.0,2.610618
2018,NE,599,89.117165,306.0,21.0,66.0,1.0620337
2018,NO,550,137.24377,301.0,20.0,50.0,5.6855106
2018,NYG,638,25.653673,272.0,47.0,96.0,0.23118475
2018,NYJ,580,-52.716034,238.0,37.0,74.0,-5.654061
2018,PHI,655,62.25109,318.0,40.0,99.0,5.257295
2018,PIT,729,132.18686,364.0,24.0,72.0,1.3657433
2018,SEA,500,86.734505,237.0,51.0,92.0,7.4646745
2018,SF,597,4.7238865,279.0,48.0,122.0,-2.4859717
2018,TB,728,104.50588,363.0,41.0,108.0,3.3405814
2018,TEN,519,4.4646697,237.0,47.0,65.0,0.9649851
2018,WAS,594,-45.80897,261.0,44.0,94.0,-2.9412336
2019,ARI,633,-1.66271,271.0,50.0,60.0,-1.697219
2019,ATL,761,48.478973,364.0,50.0,136.0,2.3808494
2019,BAL,505,167.39764,252.0,28.0,59.0,3.2501926
2019,BUF,595,-0.12268177,256.0,40.0,84.0,-2.7070053
2019,CAR,716,-62.043537,320.0,58.0,100.0,-2.5478563
2019,CHI,647,-27.863617,284.0,45.0,79.0,-1.821152
2019,CIN,675,-73.76654,277.0,48.0,81.0,-4.979464
2019,CLE,597,-8.088623,253.0,41.0,66.0,-3.160044
2019,DAL,641,125.93811,335.0,23.0,83.0,0.9661918
2019,DEN,566,-29.091417,233.0,41.0,81.0,-2.503917
2019,DET,639,23.666819,279.0,43.0,89.0,-3.4678013
2019,GB,636,61.32022,283.0,36.0,84.0,0.7176124
2019,HOU,630,75.42518,305.0,49.0,88.0,1.4690926
2019,IND,578,-22.810572,255.0,32.0,92.0,-4.0578585
2019,JAX,690,-18.82742,287.0,42.0,81.0,-2.6896377
2019,KC,626,150.60733,310.0,25.0,71.0,1.985212
2019,LA,665,63.104424,308.0,22.0,77.0,-1.8130316
2019,LAC,635,61.709187,317.0,34.0,92.0,3.6837811
2019,LV,565,85.13879,279.0,29.0,50.0,5.668253
2019,MIA,714,-27.639435,317.0,58.0,145.0,-2.7364976
2019,MIN,506,75.5466,237.0,28.0,66.0,3.4206212
2019,NE,653,15.060003,275.0,28.0,89.0,-2.0284302
2019,NO,616,112.73154,314.0,25.0,58.0,4.0840826
2019,NYG,682,-33.990635,287.0,43.0,117.0,-2.06658
2019,NYJ,584,-77.44335,231.0,52.0,105.0,0.096801616
2019,PHI,679,23.961784,317.0,37.0,98.0,-0.87777233
2019,PIT,561,-72.1566,222.0,32.0,77.0,-1.3448318
2019,SEA,609,70.75202,300.0,48.0,109.0,6.910254
2019,SF,529,87.01784,265.0,36.0,73.0,2.519517
2019,TB,711,47.32836,342.0,47.0,103.0,0.6438578
2019,TEN,529,70.92153,258.0,56.0,97.0,3.8143325
2019,WAS,548,-79.27847,232.0,50.0,93.0,-2.7803047
2020,ARI,648,39.33096,315.0,29.0,51.0,2.14377
2020,ATL,687,71.4573,324.0,41.0,111.0,1.2736852
2020,BAL,486,62.05873,226.0,32.0,58.0,-0.03570137
2020,BUF,653,188.41623,360.0,27.0,71.0,6.1042614
2020,CAR,624,31.631458,294.0,36.0,76.0,3.007278
2020,CHI,670,-9.314602,313.0,36.0,98.0,1.1553165
2020,CIN,649,-6.7472615,294.0,48.0,118.0,0.050641015
2020,CLE,548,93.887085,281.0,26.0,52.0,2.8896391
2020,DAL,708,-15.056929,344.0,44.0,94.0,-1.1122749
2020,DEN,616,-69.51182,245.0,32.0,100.0,-5.0908275
2020,DET,639,46.553566,307.0,42.0,91.0,-1.0714905
2020,GB,568,191.25986,309.0,21.0,49.0,7.185555
2020,HOU,660,139.73853,348.0,50.0,96.0,6.5158954
2020,IND,574,86.87415,280.0,21.0,57.0,0.10811882
2020,JAX,694,-37.90398,305.0,44.0,81.0,-0.696773
2020,KC,696,208.06279,377.0,24.0,86.0,2.8343315
2020,LA,638,10.778467,298.0,25.0,80.0,0.47873122
2020,LAC,687,90.88197,325.0,34.0,105.0,-0.16673036
2020,LV,603,67.36932,300.0,28.0,54.0,2.1979256
2020,MIA,627,46.00603,312.0,34.0,78.0,0.9758768
2020,MIN,576,92.744385,298.0,39.0,113.0,4.5845366
2020,NE,499,-29.997011,228.0,37.0,77.0,-1.595826
2020,NO,570,73.18024,279.0,29.0,75.0,2.6253939
2020,NYG,595,-35.258694,252.0,50.0,113.0,-2.1434622
2020,NYJ,572,-79.777214,232.0,43.0,97.0,-1.8896607
2020,PHI,717,-70.74199,280.0,65.0,139.0,-4.6581883
2020,PIT,679,51.686775,310.0,14.0,69.0,-0.96012896
2020,SEA,665,87.37266,334.0,48.0,116.0,6.870043
2020,SF,619,37.64847,294.0,39.0,118.0,-1.5973407
2020,TB,652,119.70248,316.0,22.0,78.0,3.0884264
2020,TEN,533,132.54599,280.0,25.0,84.0,2.3028848
2020,WAS,671,-64.61652,277.0,50.0,108.0,-1.3329273
2021,ARI,666,88.37775,332.0,39.0,61.0,4.0659575
2021,ATL,631,-43.68477,286.0,40.0,129.0,0.7920964
2021,BAL,743,22.769068,351.0,57.0,99.0,0.46131632
2021,BUF,733,121.132675,375.0,27.0,91.0,2.0334373
2021,CAR,683,-119.5783,277.0,52.0,105.0,-7.1367784
2021,CHI,659,-67.70562,285.0,58.0,110.0,-2.7117145
2021,CIN,630,93.3871,299.0,55.0,105.0,5.1798687
2021,CLE,600,-11.240743,265.0,49.0,76.0,-1.9954708
2021,DAL,706,124.69365,353.0,33.0,80.0,2.1142507
2021,DEN,605,47.245968,278.0,40.0,93.0,2.4297082
2021,DET,643,-25.651402,289.0,36.0,93.0,-0.0008971843
2021,GB,647,132.59091,324.0,33.0,82.0,4.584308
2021,HOU,613,-63.62319,260.0,44.0,89.0,-1.2525474
2021,IND,583,10.582243,260.0,32.0,106.0,-2.3451958
2021,JAX,670,-58.082947,297.0,32.0,82.0,-4.6488895
2021,KC,751,162.20953,398.0,28.0,87.0,2.7457824
2021,LA,649,112.397514,323.0,31.0,74.0,-0.44129235
2021,LAC,748,125.37375,376.0,31.0,97.0,-0.7824578
2021,LV,686,25.53019,317.0,40.0,85.0,2.1554217
2021,MIA,688,6.426696,320.0,40.0,84.0,0.28906715
2021,MIN,648,54.855988,289.0,30.0,95.0,0.86561996
2021,NE,579,63.308346,287.0,28.0,77.0,2.9032142
2021,NO,581,-13.966209,250.0,37.0,86.0,-5.065544
2021,NYG,662,-122.69528,261.0,38.0,102.0,-4.760361
2021,NYJ,680,-73.506195,283.0,53.0,99.0,-6.617548
2021,PHI,581,55.42629,265.0,31.0,65.0,0.4275521
2021,PIT,710,-58.372738,283.0,38.0,74.0,-2.7505457
2021,SEA,569,14.56653,250.0,46.0,98.0,3.8105927
2021,SF,564,93.149376,269.0,33.0,77.0,1.7509735
2021,TB,763,140.66454,388.0,23.0,57.0,1.5622488
2021,TEN,601,38.72813,298.0,47.0,111.0,2.4460588
2021,WAS,635,-37.666664,277.0,43.0,99.0,-0.008746426
2022,ARI,753,-76.913605,302.0,46.0,90.0,-1.7115636
2022,ATL,488,-8.264483,220.0,37.0,79.0,-0.8317484
2022,BAL,563,-19.004255,242.0,38.0,57.0,-1.6950178
2022,BUF,658,135.79076,340.0,33.0,75.0,0.49875215
2022,CAR,510,-38.765007,197.0,36.0,61.0,-4.864885
2022,CHI,509,-50.398388,202.0,58.0,88.0,-3.6815543
2022,CIN,685,99.45695,343.0,44.0,86.0,2.9426634
2022,CLE,615,5.877583,272.0,44.0,96.0,0.89753294
2022,DAL,600,17.151634,279.0,27.0,80.0,-1.9587283
2022,DEN,663,-72.173935,251.0,63.0,136.0,-1.5700438
2022,DET,627,99.998505,303.0,24.0,78.0,-1.4300333
2022,GB,608,-0.15660238,274.0,32.0,70.0,0.501631
2022,HOU,641,-112.89522,236.0,38.0,105.0,-4.6228447
2022,IND,689,-112.92144,285.0,60.0,125.0,-1.250953
2022,JAX,652,80.57481,325.0,28.0,63.0,1.1112441
2022,KC,726,205.05923,386.0,26.0,86.0,3.1965752
2022,LA,611,-68.85175,265.0,59.0,116.0,-2.2290852
2022,LAC,773,22.133926,354.0,39.0,109.0,1.204449
2022,LV,649,15.329287,279.0,35.0,95.0,-2.2152424
2022,MIA,638,57.06442,294.0,35.0,95.0,0.26108345
2022,MIN,734,37.144863,356.0,47.0,134.0,1.8628194
2022,NE,604,-28.904121,248.0,41.0,67.0,0.7663931
2022,NO,564,6.540234,275.0,38.0,71.0,1.4485837
2022,NYG,630,33.470646,300.0,49.0,113.0,1.7240572
2022,NYJ,688,-67.159065,277.0,42.0,104.0,-4.8257074
2022,PHI,625,74.043526,287.0,44.0,63.0,2.0941145
2022,PIT,642,3.4488115,285.0,38.0,84.0,1.21067
2022,SEA,653,20.252777,320.0,46.0,108.0,5.5332603
2022,SF,556,91.89207,270.0,31.0,72.0,-1.7936277
2022,TB,780,27.03767,365.0,22.0,78.0,0.2260384
2022,TEN,529,-18.097292,229.0,49.0,106.0,-0.9493893
2022,WAS,635,-50.38422,264.0,48.0,118.0,-1.2943978
2023,ARI,635,-74.46005,257.0,42.0,92.0,-2.512932
2023,ATL,602,-27.893719,278.0,40.0,78.0,-3.2987013
2023,BAL,608,60.942265,294.0,41.0,68.0,2.6991868
2023,BUF,652,108.713264,331.0,24.0,74.0,5.023608
2023,CAR,683,-137.61568,256.0,65.0,120.0,-1.8139709
2023,CHI,621,-40.945107,261.0,50.0,93.0,-0.14033446
2023,CIN,695,21.24747,328.0,50.0,113.0,2.1253517
2023,CLE,696,-115.123886,270.0,45.0,107.0,-5.8291306
2023,DAL,684,132.00958,346.0,40.0,87.0,4.0473914
2023,DEN,603,-19.904198,261.0,52.0,121.0,3.7398174
2023,DET,645,69.40896,317.0,31.0,101.0,1.3668188
2023,GB,636,85.53937,295.0,30.0,74.0,1.294425
2023,HOU,660,36.743095,297.0,47.0,87.0,-1.2734705
2023,IND,648,5.7750235,275.0,41.0,75.0,-3.9309287
2023,JAX,710,-3.09562,332.0,41.0,87.0,1.6605092
2023,KC,715,54.816826,341.0,28.0,107.0,1.7103149
2023,LA,640,42.971127,289.0,34.0,88.0,-3.2681515
2023,LAC,715,4.477919,321.0,43.0,99.0,-1.5671391
2023,LV,606,-46.20559,265.0,40.0,81.0,-3.709229
2023,MIA,613,95.400375,302.0,31.0,59.0,4.5464716
2023,MIN,709,1.6342459,306.0,47.0,152.0,3.0001426
2023,NE,627,-146.77597,245.0,48.0,89.0,-3.465889
2023,NO,655,24.284079,293.0,35.0,75.0,1.8743076
2023,NYG,668,-104.48788,257.0,85.0,122.0,0.56553006
2023,NYJ,695,-201.8022,245.0,64.0,122.0,-4.966251
2023,PHI,653,60.025574,306.0,39.0,62.0,3.7408712
2023,PIT,566,-47.40405,241.0,36.0,86.0,-0.24561578
2023,SEA,635,40.20867,293.0,38.0,85.0,1.412101
2023,SF,541,151.27408,293.0,34.0,78.0,4.7468853
2023,TB,641,43.942226,284.0,40.0,76.0,0.05284108
2023,TEN,576,-21.436783,235.0,64.0,139.0,0.44431916
2023,WAS,737,-76.587845,309.0,65.0,124.0,0.27256718
2024,ARI,613,66.77159,306.0,30.0,50.0,2.1810915
2024,ATL,596,30.225445,285.0,32.0,89.0,-0.06262451
2024,BAL,543,187.57634,287.0,24.0,55.0,4.7025995
2024,BUF,579,167.855,284.0,14.0,51.0,0.2537481
2024,CAR,628,-42.69223,256.0,36.0,83.0,-0.026900517
2024,CHI,690,-39.95793,278.0,68.0,104.0,-0.20389354
2024,CIN,723,119.3925,374.0,48.0,122.0,6.7867885
2024,CLE,770,-164.17094,285.0,66.0,148.0,-4.135698
2024,DAL,687,-70.07641,280.0,38.0,83.0,-4.825573
2024,DEN,645,44.829163,283.0,24.0,56.0,0.7797567
2024,DET,597,165.3382,323.0,33.0,87.0,5.6620097
2024,GB,525,82.68334,246.0,22.0,72.0,1.3371058
2024,HOU,662,-9.803569,278.0,54.0,107.0,-2.3839588
2024,IND,569,-29.405998,234.0,32.0,79.0,-4.942838
2024,JAX,611,0.99742866,262.0,32.0,67.0,-0.74010164
2024,KC,680,92.64215,337.0,41.0,115.0,2.4385753
2024,LA,596,38.406933,289.0,31.0,98.0,-0.90631276
2024,LAC,587,65.798546,265.0,44.0,106.0,1.8304714
2024,LV,703,-54.215107,310.0,50.0,104.0,-1.5238171
2024,MIA,660,53.999462,318.0,43.0,75.0,3.0669382
2024,MIN,626,59.16084,310.0,49.0,101.0,4.0158677
2024,NE,639,-16.965302,295.0,52.0,104.0,1.7252175
2024,NO,618,-51.48589,246.0,37.0,83.0,-3.2256896
2024,NYG,669,-71.25816,280.0,48.0,122.0,-1.2220451
2024,NYJ,671,15.447347,295.0,40.0,94.0,-2.0165672
2024,PHI,535,90.35315,255.0,45.0,75.0,6.0496974
2024,PIT,586,13.561048,250.0,49.0,109.0,3.706207
2024,SEA,673,7.020163,311.0,54.0,111.0,4.7967353
2024,SF,612,83.016396,303.0,36.0,72.0,1.6546857
2024,TB,655,127.3589,342.0,40.0,57.0,3.6205842
2024,TEN,615,-55.940285,255.0,52.0,109.0,-0.2257084
2024,WAS,652,126.651886,320.0,50.0,72.0,4.565129
2025,ARI,748,16.873562,337.0,59.0,129.0,1.0338285
2025,ATL,586,3.945458,265.0,26.0,73.0,-3.2166078
2025,BAL,503,8.930252,234.0,45.0,83.0,2.992384
2025,BUF,593,114.982925,292.0,40.0,70.0,3.8193314
2025,CAR,585,-16.387537,256.0,35.0,86.0,1.4186954
2025,CHI,644,74.7679,289.0,24.0,67.0,-3.426057
2025,CIN,691,-13.945708,315.0,36.0,100.0,1.2188274
2025,CLE,641,-161.61197,220.0,51.0,134.0,-5.68061
2025,DAL,683,108.27147,331.0,31.0,95.0,2.143344
2025,DEN,676,74.86987,304.0,23.0,70.0,-1.3255467
2025,DET,624,106.27022,302.0,39.0,119.0,1.5443894
2025,GB,554,141.6068,281.0,29.0,81.0,5.9501634
2025,HOU,648,40.3418,289.0,31.0,78.0,-1.5584323
2025,IND,605,45.866505,285.0,29.0,82.0,0.56434673
2025,JAX,646,54.175262,304.0,41.0,83.0,-1.7126266
2025,KC,689,53.89765,318.0,47.0,122.0,-0.8881845
2025,LA,624,139.23714,329.0,23.0,77.0,1.5916258
2025,LAC,681,0.7914927,308.0,60.0,137.0,0.53113633
2025,LV,600,-99.04738,247.0,64.0,113.0,-1.0189384
2025,MIA,533,-4.5284886,231.0,38.0,65.0,1.6554062
2025,MIN,575,-88.877625,241.0,60.0,122.0,-2.9456494
2025,NE,613,186.64833,335.0,48.0,89.0,10.680968
2025,NO,671,-34.44459,303.0,49.0,82.0,1.5860827
2025,NYG,627,25.439142,270.0,48.0,112.0,-0.84429884
2025,NYJ,613,-86.76503,246.0,60.0,116.0,-4.104912
2025,PHI,575,41.914413,256.0,35.0,57.0,3.0378869
2025,PIT,594,19.710114,260.0,31.0,63.0,0.5896422
2025,SEA,520,62.932346,272.0,27.0,60.0,4.9548163
2025,SF,629,103.68759,331.0,27.0,82.0,5.4341707
2025,TB,644,24.686989,283.0,38.0,56.0,-2.4830465
2025,TEN,646,-126.82799,238.0,56.0,110.0,-3.5054352
2025,WAS,567,20.475132,270.0,37.0,77.0,0.6801942
