player,player_id,position,team_name,player_game_count,declined_penalties,franchise_id,grades_pass_block,hits_allowed,hurries_allowed,non_spike_pass_block,non_spike_pass_block_percentage,pass_block_percent,pbe,penalties,pressures_allowed,sacks_allowed,snap_counts_pass_block,snap_counts_pass_play,true_pass_set_grades_pass_block,true_pass_set_hits_allowed,true_pass_set_hurries_allowed,true_pass_set_non_spike_pass_block,true_pass_set_non_spike_pass_block_percentage,true_pass_set_pass_block_percent,true_pass_set_pbe,true_pass_set_pressures_allowed,true_pass_set_sacks_allowed,true_pass_set_snap_counts_pass_block,true_pass_set_snap_counts_pass_play,all_pass_pbwr,true_pass_set_pbwr
Alex Mack,4944,C,CLV,16,0,8,88.4,5,18,750,100.0,100.0,98.2,1,25,2,779,779,88.7,1,12,416,100.0,100.0,98.0,15,2,429,429,96.79,96.5
Mitchell Schwartz,7041,T,CLV,16,1,8,74.0,19,35,750,100.0,100.0,94.9,1,65,11,779,779,68.3,14,26,416,100.0,100.0,92.8,50,10,429,429,91.66,88.34
Joe Thomas,3619,T,CLV,16,1,8,94.0,9,26,750,100.0,100.0,97.4,2,37,2,779,779,90.5,6,22,416,100.0,100.0,96.4,29,1,429,429,95.25,93.24
Justin Blalock,3655,G,ATL,16,0,2,85.8,5,21,709,100.0,100.0,97.5,1,31,5,753,753,75.4,4,17,346,100.0,100.0,95.5,26,5,373,373,95.88,93.03
Ben Grubbs,3645,G,NO,16,0,20,84.6,5,20,699,100.0,100.0,97.8,4,28,3,740,740,76.2,3,12,268,100.0,100.0,96.1,18,3,286,286,96.22,93.71
Louis Vasquez,5001,G,DEN,16,0,10,91.3,2,13,695,100.0,100.0,98.9,1,15,0,740,740,88.3,1,4,238,100.0,100.0,98.9,5,0,247,247,97.97,97.98
Brian De La Puente,4679,C,NO,16,0,20,84.4,3,9,698,100.0,100.0,98.7,3,15,3,739,739,78.8,1,4,268,100.0,100.0,98.3,7,2,286,286,97.97,97.55
Manuel Ramirez,3733,C,DEN,16,0,10,81.1,2,14,693,100.0,100.0,98.7,1,17,1,738,738,65.2,1,9,238,100.0,100.0,97.5,11,1,247,247,97.7,95.55
Zane Beadles,5570,G,DEN,16,1,10,67.7,9,32,693,100.0,100.0,96.9,1,42,1,738,738,62.6,2,19,238,100.0,100.0,95.6,21,0,247,247,94.31,91.5
Lamar Holmes,7091,T,ATL,16,1,2,63.6,13,53,693,100.0,100.0,93.8,2,76,10,735,735,54.2,10,34,340,100.0,100.0,90.9,53,9,366,366,89.66,85.52
Gino Gradkowski,7098,C,BLT,16,0,3,65.0,7,26,683,100.0,100.0,97.1,2,36,3,723,723,69.8,3,14,380,100.0,100.0,97.2,19,2,407,407,95.02,95.33
Marshal Yanda,3702,G,BLT,16,0,3,81.5,3,24,683,100.0,100.0,97.7,2,29,2,723,723,73.5,3,21,380,100.0,100.0,96.3,26,2,407,407,95.99,93.61
Ryan Wendell,4602,C,NE,16,0,19,59.9,7,24,667,100.0,100.0,96.8,1,37,6,714,714,60.4,4,12,263,100.0,100.0,96.2,18,2,289,289,94.82,93.77
Will Montgomery,3179,C,WAS,16,0,32,78.3,3,17,689,100.0,100.0,98.3,3,22,2,713,713,77.5,2,5,276,100.0,100.0,98.4,8,1,284,284,96.91,97.18
Chris Chester,3001,G,WAS,16,0,32,64.7,4,38,689,100.0,100.0,96.5,1,45,3,713,713,51.4,1,28,276,100.0,100.0,93.7,32,3,284,284,93.69,88.73
Tyler Polumbus,4581,T,WAS,16,0,32,76.2,9,28,689,100.0,100.0,96.7,0,41,4,713,713,75.5,5,14,276,100.0,100.0,96.2,20,1,284,284,94.25,92.96
Trent Williams,5529,T,WAS,16,2,32,88.3,6,21,688,100.0,100.0,96.9,4,35,8,712,712,79.1,5,16,276,100.0,100.0,94.0,27,6,284,284,95.08,90.49
Logan Mankins,2249,G,NE,16,2,19,73.7,5,21,665,100.0,100.0,96.5,4,36,10,712,712,56.2,2,15,262,100.0,100.0,94.1,24,7,288,288,94.94,91.67
Chris Myers,2417,C,HST,16,0,13,74.2,5,22,681,100.0,100.0,97.9,0,28,1,710,710,77.4,3,11,349,100.0,100.0,98.0,14,0,366,366,96.06,96.17
Anthony Castonzo,6174,T,IND,16,1,14,75.0,8,39,657,100.0,100.0,95.8,5,51,4,701,701,65.8,5,28,303,100.0,100.0,93.6,36,3,329,329,92.72,89.06
Gosder Cherilus,4331,T,IND,16,0,14,72.9,13,30,656,100.0,100.0,96.1,0,47,4,700,700,70.0,8,17,302,100.0,100.0,94.5,29,4,328,328,93.29,91.16
Kory Lichtensteiger,4422,G,WAS,16,0,32,76.7,5,22,675,100.0,100.0,97.7,1,29,2,698,698,63.3,2,17,266,100.0,100.0,96.1,20,1,273,273,95.85,92.67
Dominic Raiola,820,C,DET,16,0,11,86.7,4,8,665,100.0,100.0,99.1,1,12,0,694,694,86.1,2,4,294,100.0,100.0,99.0,6,0,305,305,98.27,98.03
Larry Warford,7846,G,DET,16,1,11,86.6,5,10,665,100.0,100.0,98.9,1,15,0,694,694,76.9,3,9,294,100.0,100.0,98.0,12,0,305,305,97.84,96.07
Rob Sims,3073,G,DET,16,0,11,78.2,5,23,665,100.0,100.0,97.7,1,29,1,694,694,71.0,3,17,294,100.0,100.0,96.3,21,1,305,305,95.82,93.11
Uche Nwaneri,3765,G,JAX,16,0,15,82.6,5,18,658,100.0,100.0,97.6,1,27,4,689,689,75.7,3,9,251,100.0,100.0,97.2,13,1,270,270,96.08,95.19
Brad Meester,627,C,JAX,16,1,15,79.2,1,13,657,99.8,99.9,98.2,2,19,5,688,689,67.3,0,8,251,100.0,100.0,96.8,12,4,270,270,97.24,95.56
Josh Sitton,4449,G,GB,16,0,12,93.5,0,7,645,100.0,100.0,99.3,1,8,1,685,685,91.2,0,3,200,100.0,100.0,98.7,4,1,221,221,98.83,98.19
Zach Strief,3155,T,NO,15,0,20,81.7,4,26,646,99.8,99.9,97.2,1,33,3,685,686,76.6,2,16,246,100.0,100.0,95.5,20,2,263,263,95.18,92.4
David Bakhtiari,7891,T,GB,16,3,12,72.1,4,27,645,100.0,100.0,96.4,10,39,8,685,685,65.0,2,17,200,100.0,100.0,93.7,22,3,221,221,94.31,90.05
John Jerry,5598,G,MIA,16,0,17,82.0,4,16,660,100.0,100.0,97.7,0,25,5,682,682,74.9,3,11,286,100.0,100.0,96.2,18,4,296,296,96.33,93.92
Michael Oher,4946,T,BLT,16,0,3,72.2,7,41,637,100.0,100.0,95.0,2,56,8,676,676,65.7,6,32,347,100.0,100.0,93.1,43,5,373,373,91.72,88.47
Riley Reiff,7029,T,DET,16,0,11,72.7,8,34,647,100.0,100.0,95.7,1,49,7,675,675,59.9,5,25,284,100.0,100.0,93.0,35,5,294,294,92.74,88.1
Eugene Monroe,4931,T,BLT,15,2,3,86.4,7,27,638,100.0,100.0,96.6,3,39,5,675,675,86.0,3,19,327,100.0,100.0,95.7,25,3,349,349,94.22,92.84
T.J. Lang,5032,G,GB,16,0,12,77.1,5,16,631,100.0,100.0,97.9,1,24,3,671,671,64.9,3,8,195,100.0,100.0,96.2,13,2,216,216,96.42,93.98
Doug Free,3738,T,DAL,16,0,9,79.3,0,34,630,100.0,100.0,96.3,1,40,6,668,668,76.0,0,24,326,100.0,100.0,94.8,29,5,352,352,94.01,91.76
Travis Frederick,7812,C,DAL,16,0,9,69.4,2,18,630,100.0,100.0,97.8,1,24,4,668,668,66.3,1,10,326,100.0,100.0,97.4,14,3,352,352,96.41,96.02
Tyron Smith,6161,T,DAL,16,1,9,87.9,3,27,629,100.0,100.0,97.5,2,31,1,666,666,86.1,3,16,326,100.0,100.0,96.8,20,1,351,351,95.35,94.3
Ron Leary,7338,G,DAL,16,2,9,70.5,3,27,628,100.0,100.0,96.8,4,35,5,666,666,56.2,2,21,326,100.0,100.0,95.2,27,4,352,352,94.74,92.33
Brandon Brooks,7078,G,HST,15,0,13,77.8,7,25,639,100.0,100.0,97.3,0,33,1,665,665,74.0,4,15,324,100.0,100.0,97.1,19,0,339,339,95.04,94.4
Dan Connolly,2540,G,NE,16,0,19,59.2,12,27,622,100.0,100.0,96.4,1,42,3,664,664,49.7,7,16,246,100.0,100.0,94.1,26,3,272,272,93.67,90.44
Kyle Long,7801,G,CHI,16,0,6,75.1,9,21,626,100.0,100.0,97.3,3,32,2,664,664,65.3,5,17,321,100.0,100.0,96.0,24,2,340,340,95.18,92.94
Roberto Garza,856,C,CHI,16,0,6,86.1,0,12,626,100.0,100.0,98.9,2,13,1,664,664,79.2,0,8,321,100.0,100.0,98.4,9,1,340,340,98.04,97.35
Matt Slauson,5117,G,CHI,16,1,6,82.7,9,15,626,100.0,100.0,97.8,1,26,2,664,664,78.5,4,11,321,100.0,100.0,97.4,16,1,340,340,96.08,95.29
Jermon Bushrod,3741,T,CHI,16,2,6,70.3,9,42,626,100.0,100.0,95.3,5,55,4,664,664,62.1,4,32,321,100.0,100.0,93.1,40,4,340,340,91.72,88.24
Orlando Franklin,6198,T,DEN,15,1,10,74.1,4,18,620,100.0,100.0,97.9,8,24,2,661,661,67.4,2,11,214,100.0,100.0,96.0,15,2,223,223,96.37,93.27
Paul Fanaika,5137,G,ARZ,16,0,1,60.9,7,32,619,100.0,100.0,95.7,0,46,7,658,658,44.3,3,23,283,100.0,100.0,94.0,30,4,307,307,93.01,90.23
Lyle Sendlein,4062,C,ARZ,16,2,1,73.7,6,12,619,100.0,100.0,97.7,2,23,5,658,658,69.1,3,6,283,100.0,100.0,97.7,11,2,307,307,96.5,96.42
Bryant McKinnie,1015,T,MIA,15,1,17,67.4,13,38,633,100.0,100.0,94.7,3,59,8,657,657,61.7,8,23,308,100.0,100.0,93.0,37,6,323,323,91.02,88.54
Andre Smith,4929,T,CIN,16,0,7,73.0,2,27,628,100.0,100.0,96.7,2,35,6,655,655,66.5,0,22,240,100.0,100.0,94.2,25,3,249,249,94.66,89.96
Eric Winston,3011,T,ARZ,16,0,1,63.7,8,43,611,100.0,100.0,94.7,0,58,7,649,649,55.7,5,29,282,100.0,100.0,92.2,39,5,306,306,91.06,87.25
Jahri Evans,3053,G,NO,14,0,20,88.4,4,12,607,100.0,100.0,98.4,4,18,2,647,647,78.0,1,10,231,100.0,100.0,96.8,13,2,249,249,97.22,94.78
John Greco,4379,G,CLV,14,0,8,81.2,10,14,622,100.0,100.0,97.1,1,30,6,646,646,76.0,5,13,351,100.0,100.0,95.7,24,6,361,361,95.36,93.35
Matt Kalil,7010,T,MIN,16,2,18,78.2,12,33,627,100.0,100.0,95.8,2,49,4,646,646,68.9,10,20,252,100.0,100.0,92.9,33,3,262,262,92.41,87.4
Nate Solder,6169,T,NE,15,1,19,80.3,2,23,604,99.8,99.8,96.3,2,35,10,646,647,72.8,0,15,242,100.0,100.0,94.4,21,6,266,266,94.58,92.11
Eric Wood,4951,C,BUF,16,2,4,85.1,2,10,604,100.0,100.0,99.0,5,12,0,645,645,79.1,2,7,284,100.0,100.0,98.4,9,0,304,304,98.14,97.04
Cordy Glenn,7045,T,BUF,16,0,4,82.0,5,23,604,100.0,100.0,97.4,4,30,2,645,645,80.2,3,15,284,100.0,100.0,96.1,20,2,304,304,95.35,93.42
Erik Pears,2737,T,BUF,16,2,4,71.1,6,29,604,100.0,100.0,96.4,4,39,4,645,645,62.8,5,24,284,100.0,100.0,94.5,30,1,304,304,93.95,90.13
Chris Clark,4623,T,DEN,15,1,10,77.1,6,19,604,100.0,100.0,96.8,5,32,7,644,644,56.6,4,10,203,100.0,100.0,93.6,20,6,212,212,95.03,90.57
Justin Pugh,7800,T,NYG,16,0,21,68.0,4,43,613,100.0,100.0,95.4,1,52,5,643,643,62.2,2,37,347,100.0,100.0,93.5,42,3,365,365,91.91,88.49
Michael Roos,2258,T,TEN,16,0,31,80.0,7,36,608,100.0,100.0,96.1,1,45,2,643,643,76.6,5,23,326,100.0,100.0,95.1,30,2,340,340,93.0,91.18
Chance Warmack,7791,G,TEN,16,0,31,67.6,4,25,608,100.0,100.0,96.5,2,36,7,643,643,65.9,3,14,326,100.0,100.0,95.9,22,5,340,340,94.4,93.53
Andy Levitre,4974,G,TEN,16,0,31,77.7,10,19,608,100.0,100.0,97.5,2,30,1,643,643,67.6,8,16,326,100.0,100.0,96.3,24,0,340,340,95.33,92.94
Jordan Mills,7945,T,CHI,16,0,6,46.7,13,62,603,100.0,100.0,93.3,1,78,3,640,640,42.0,9,45,311,100.0,100.0,90.7,56,2,330,330,87.81,83.03
Will Beatty,4983,T,NYG,16,2,21,63.0,7,39,609,100.0,100.0,94.1,6,59,13,639,639,55.7,3,31,346,100.0,100.0,91.6,46,12,364,364,90.77,87.36
Kevin Boothe,3121,G,NYG,16,0,21,75.3,6,16,608,100.0,100.0,97.7,1,25,3,638,638,68.3,4,14,343,100.0,100.0,96.8,20,2,361,361,96.08,94.46
Rodney Hudson,6207,C,KC,15,1,16,80.6,2,7,597,100.0,100.0,98.4,2,14,5,637,637,74.4,0,4,206,100.0,100.0,97.1,8,4,218,218,97.8,96.33
Evan Smith,5390,C,GB,16,0,12,84.6,1,8,600,100.0,100.0,98.4,1,14,5,636,636,73.3,0,7,187,100.0,100.0,96.0,11,4,204,204,97.8,94.61
Tyson Clabo,2011,T,MIA,15,0,17,67.0,10,31,614,100.0,100.0,94.9,0,52,11,635,635,59.7,6,20,264,100.0,100.0,92.0,34,8,274,274,91.81,87.59
Kyle Cook,3914,C,CIN,16,1,7,74.8,3,12,609,100.0,100.0,97.9,3,20,5,635,635,61.6,2,9,240,100.0,100.0,96.5,14,3,248,248,96.85,94.35
Kraig Urbik,5002,G,BUF,16,0,4,78.4,5,13,592,100.0,100.0,98.1,2,20,2,633,633,66.0,5,10,281,100.0,100.0,96.6,17,2,301,301,96.84,94.35
John Sullivan,4501,C,MIN,16,0,18,82.0,2,11,611,100.0,100.0,98.1,1,18,5,630,630,72.2,2,7,248,100.0,100.0,96.6,13,4,258,258,97.14,94.96
Khalif Barnes,2269,T,OAK,16,3,23,78.7,2,34,598,100.0,100.0,96.5,5,39,3,629,629,68.5,1,26,257,100.0,100.0,94.7,27,0,271,271,93.8,90.04
Evan Mathis,2296,G,PHI,16,1,24,80.7,6,16,586,100.0,100.0,97.8,3,24,2,623,623,74.5,4,8,300,100.0,100.0,97.7,13,1,319,319,96.15,95.92
Todd Herremans,2343,G,PHI,16,0,24,56.8,10,34,586,100.0,100.0,95.6,3,48,4,623,623,42.3,6,24,300,100.0,100.0,94.0,33,3,319,319,92.3,89.66
Charles Brown,5589,T,NO,14,2,20,63.4,9,33,583,100.0,100.0,95.2,10,49,7,622,622,48.5,5,19,216,100.0,100.0,91.7,30,6,232,232,92.12,87.07
Jason Kelce,6343,C,PHI,16,0,24,80.8,1,8,585,100.0,100.0,98.7,2,12,3,622,622,81.2,0,4,299,100.0,100.0,99.0,5,1,318,318,98.07,98.43
Lane Johnson,7786,T,PHI,16,1,24,63.0,8,39,583,99.7,99.7,94.3,2,57,10,620,622,57.3,5,30,299,100.0,100.0,91.8,42,7,318,318,90.81,86.79
Peter Konz,7058,C,ATL,16,0,2,57.2,3,33,587,100.0,100.0,95.9,0,42,6,618,618,48.8,1,24,289,100.0,100.0,94.6,28,3,306,306,93.2,90.85
Donald Penn,3459,T,TB,16,2,30,75.9,6,28,575,99.8,99.8,95.0,3,46,12,616,617,69.6,5,19,323,100.0,100.0,93.5,33,9,348,348,92.53,90.52
Charlie Johnson,3144,G,MIN,15,0,18,74.2,8,23,597,100.0,100.0,96.7,0,35,4,616,616,64.3,5,16,247,100.0,100.0,94.5,24,3,257,257,94.32,90.66
Demar Dotson,5410,T,TB,16,0,30,81.4,2,27,574,100.0,100.0,96.6,1,34,5,615,615,78.1,2,18,322,100.0,100.0,95.3,25,5,347,347,94.47,92.8
Nick Hardwick,1787,C,SD,16,0,27,83.4,1,14,571,100.0,100.0,98.7,2,15,0,612,612,83.2,1,7,321,100.0,100.0,98.8,8,0,345,345,97.55,97.68
Davin Joseph,2968,G,TB,16,0,30,69.4,7,29,571,100.0,100.0,96.3,3,39,3,610,610,57.6,7,22,322,100.0,100.0,94.6,32,3,347,347,93.61,90.78
Jeremy Zuttah,4397,C,TB,16,0,30,80.1,5,19,568,100.0,100.0,97.9,1,24,0,608,608,77.0,4,11,319,100.0,100.0,97.6,15,0,344,344,96.05,95.64
Wade Smith,1393,G,HST,16,0,13,72.6,8,29,582,100.0,100.0,96.1,0,41,4,607,607,69.0,7,16,304,100.0,100.0,95.2,26,3,318,318,93.25,91.82
Daryn Colledge,2992,G,ARZ,16,1,1,77.4,9,18,574,100.0,100.0,97.3,1,29,2,607,607,68.6,5,13,254,100.0,100.0,95.7,20,2,273,273,95.22,92.67
Marcus Gilbert,6215,T,PIT,16,0,25,69.0,5,30,576,100.0,100.0,95.1,3,46,11,605,605,60.5,4,23,263,100.0,100.0,91.4,36,9,272,272,92.4,86.76
Duane Brown,4340,T,HST,14,0,13,85.3,9,20,579,100.0,100.0,97.0,2,32,3,602,602,80.4,5,10,291,100.0,100.0,96.7,17,2,304,304,94.68,94.41
D.J. Fluker,7792,T,SD,15,0,27,66.2,8,33,563,100.0,100.0,95.3,3,47,6,601,601,56.4,4,27,318,100.0,100.0,93.2,37,6,339,339,92.18,89.09
Mike Pouncey,6167,C,MIA,14,0,17,88.0,3,9,574,100.0,100.0,98.6,2,14,2,594,594,82.3,2,6,247,100.0,100.0,97.6,10,2,256,256,97.64,96.09
Phil Loadholt,4977,T,MIN,15,0,18,76.3,5,27,575,100.0,100.0,96.5,0,36,4,593,593,66.9,2,22,237,100.0,100.0,93.2,28,4,247,247,93.93,88.66
Jason Peters,2148,T,PHI,16,0,24,87.2,3,28,556,100.0,100.0,96.5,1,35,4,590,590,83.1,1,23,287,100.0,100.0,95.1,26,2,304,304,94.07,91.45
David DeCastro,7640,G,PIT,15,0,25,76.2,5,23,559,100.0,100.0,97.1,1,30,2,586,586,64.4,4,19,254,100.0,100.0,94.7,25,2,263,263,94.88,90.49
Jeromey Clary,3132,G,SD,15,0,27,78.0,6,23,545,100.0,100.0,96.4,1,34,5,586,586,68.4,6,22,319,100.0,100.0,94.0,33,5,342,342,94.2,90.35
D'Brickashaw Ferguson,2949,T,NYJ,16,1,22,81.6,4,31,560,100.0,100.0,95.4,2,43,8,583,583,80.6,4,23,303,100.0,100.0,93.9,32,5,310,310,92.62,89.68
Austin Howard,5847,T,NYJ,16,0,22,69.9,15,21,558,100.0,100.0,96.4,1,38,2,581,581,64.7,11,17,302,100.0,100.0,95.0,29,1,309,309,93.46,90.61
Nick Mangold,2974,C,NYJ,16,0,22,88.2,1,14,558,100.0,100.0,98.7,1,15,0,581,581,85.3,0,10,301,100.0,100.0,98.3,10,0,308,308,97.42,96.75
Willie Colon,3076,G,NYJ,16,0,22,89.1,3,14,556,100.0,100.0,98.3,5,18,1,579,579,84.6,3,11,302,100.0,100.0,97.4,15,1,309,309,96.89,95.15
Jordan Gross,1324,T,CAR,16,1,5,91.0,1,22,551,100.0,100.0,96.8,1,29,6,578,578,85.8,1,14,243,100.0,100.0,95.3,19,4,255,255,94.98,92.55
Ryan Kalil,3675,C,CAR,16,0,5,81.2,0,15,551,100.0,100.0,98.5,1,16,1,578,578,86.8,0,7,243,100.0,100.0,98.6,7,0,255,255,97.23,97.25
Don Barclay,7703,T,GB,14,0,12,65.6,6,22,545,100.0,100.0,96.0,2,36,8,577,577,60.0,2,10,160,100.0,100.0,93.1,17,5,178,178,93.76,90.45
Samson Satele,3676,C,IND,13,1,14,78.1,8,6,538,100.0,100.0,98.5,2,15,1,570,570,65.6,5,4,259,100.0,100.0,97.9,10,1,280,280,97.37,96.43
Mike McGlynn,4423,G,IND,14,0,14,61.4,11,26,533,100.0,100.0,95.8,1,41,4,570,570,45.8,9,19,238,100.0,100.0,93.3,30,2,261,261,92.81,88.51
Byron Bell,6848,T,CAR,16,0,5,70.2,6,31,542,100.0,100.0,94.9,3,46,9,569,569,60.8,5,21,237,100.0,100.0,91.1,34,8,249,249,91.92,86.35
Jeff Allen,7642,G,KC,14,0,16,64.5,5,22,530,100.0,100.0,96.5,1,32,5,568,568,58.1,1,11,179,100.0,100.0,94.4,16,4,190,190,94.37,91.58
Hugh Thornton,7867,G,IND,14,0,14,55.2,16,16,528,100.0,100.0,95.6,1,39,7,565,565,34.9,10,14,245,100.0,100.0,93.1,29,5,266,266,93.1,89.1
Brandon Fusco,6324,G,MIN,15,0,18,73.2,4,17,548,100.0,100.0,97.7,0,23,2,563,563,68.2,2,11,224,100.0,100.0,96.7,14,1,233,233,95.91,93.99
Stefen Wisniewski,6200,C,OAK,14,0,23,82.3,2,9,524,100.0,100.0,99.0,1,11,0,549,549,83.3,0,6,228,100.0,100.0,98.7,6,0,236,236,98.0,97.46
Andrew Whitworth,3000,T,CIN,14,2,7,85.0,3,15,513,100.0,100.0,97.5,2,22,4,538,538,72.6,2,11,194,100.0,100.0,94.6,17,4,202,202,95.91,91.58
Mike Brisiel,3250,G,OAK,14,0,23,76.4,5,20,504,100.0,100.0,97.5,1,25,0,531,531,69.5,4,13,210,100.0,100.0,96.0,17,0,224,224,95.29,92.41
Chris Williams,4328,G,SL,16,1,26,56.2,8,28,502,100.0,100.0,95.4,1,41,5,531,531,52.3,5,11,215,100.0,100.0,94.0,21,5,231,231,92.28,90.91
Alex Boone,5372,G,SF,16,1,28,70.8,3,22,503,100.0,100.0,97.1,2,27,2,529,529,62.5,2,13,214,100.0,100.0,96.0,16,1,223,223,94.9,92.83
Jonathan Goodwin,1146,C,SF,16,0,28,78.4,1,14,502,100.0,100.0,97.7,1,19,4,528,528,64.6,0,10,214,100.0,100.0,95.8,14,4,223,223,96.4,93.72
Anthony Davis,5536,T,SF,16,0,28,74.8,4,24,502,100.0,100.0,96.2,2,33,5,528,528,72.2,0,18,214,100.0,100.0,94.4,21,3,223,223,93.75,90.58
Ramon Foster,5229,G,PIT,15,0,25,87.5,2,12,501,100.0,100.0,98.2,2,16,2,522,522,85.1,1,11,233,100.0,100.0,97.4,12,0,241,241,96.93,95.02
Derek Newton,6366,T,HST,16,6,13,56.9,7,37,496,100.0,100.0,94.4,7,50,6,517,517,49.2,6,24,260,100.0,100.0,92.3,35,5,275,275,90.33,87.27
Shawn Lauvao,5616,G,CLV,11,0,8,74.2,4,18,492,100.0,100.0,97.0,0,26,4,513,513,66.7,3,14,270,100.0,100.0,96.1,19,2,278,278,94.93,93.17
J.R. Sweezy,7209,G,SEA,15,1,29,74.9,4,19,478,100.0,100.0,97.4,3,24,1,512,512,68.8,2,9,175,100.0,100.0,96.3,12,1,192,192,95.31,93.75
Kelvin Beachum,7229,T,PIT,15,0,25,77.0,6,21,487,100.0,100.0,95.8,1,34,7,508,508,62.0,5,14,220,100.0,100.0,93.0,25,6,225,225,93.31,88.89
Austin Pasztor,7689,T,JAX,12,0,15,69.5,10,18,483,100.0,100.0,96.1,0,33,5,506,506,66.6,6,9,177,100.0,100.0,94.1,18,3,193,193,93.48,90.67
David Stewart,2330,T,TEN,12,1,31,72.6,5,23,479,100.0,100.0,96.0,1,33,5,506,506,65.5,3,19,262,100.0,100.0,93.9,27,5,271,271,93.48,90.04
Cameron Bradfield,6591,T,JAX,13,1,15,60.4,14,29,483,100.0,100.0,94.1,3,50,7,506,506,46.2,7,18,175,100.0,100.0,91.1,28,3,191,191,90.12,85.34
Branden Albert,4329,T,KC,12,0,16,84.9,6,13,472,100.0,100.0,97.1,3,23,4,503,503,74.8,3,7,167,100.0,100.0,95.2,13,3,175,175,95.43,92.57
Jake Long,4315,T,SL,15,1,26,80.4,4,22,468,100.0,100.0,95.9,4,32,6,497,497,72.9,0,14,191,100.0,100.0,93.7,19,5,206,206,93.56,90.78
Joe Staley,3644,T,SF,16,1,28,87.5,2,14,471,99.8,99.8,97.5,1,20,4,494,495,78.7,1,14,204,100.0,100.0,95.3,17,2,212,212,95.95,91.98
Eric Fisher,7783,T,KC,14,0,16,49.5,5,35,465,100.0,100.0,94.2,1,47,7,493,493,27.6,3,25,160,100.0,100.0,88.1,33,5,169,169,90.47,80.47
Fernando Velasco,4641,C,PIT,11,0,25,75.0,3,15,463,100.0,100.0,97.8,1,19,1,490,490,72.9,3,8,230,100.0,100.0,97.2,12,1,240,240,96.12,95.0
Kevin Zeitler,7032,G,CIN,12,0,7,74.1,4,10,470,100.0,100.0,97.9,1,17,3,489,489,66.1,3,8,196,100.0,100.0,96.7,12,1,203,203,96.52,94.09
Bradley Sowell,7693,T,ARZ,14,1,1,47.8,12,40,456,99.8,99.8,92.8,1,59,7,484,485,32.4,9,28,202,100.0,100.0,88.4,42,5,218,218,87.81,80.73
Garrett Reynolds,5080,G,ATL,14,0,2,76.3,3,22,452,100.0,100.0,96.3,0,29,4,481,481,65.0,3,17,224,100.0,100.0,94.2,23,3,240,240,93.97,90.42
Joe Barksdale,6244,T,SL,16,0,26,77.6,5,18,453,100.0,100.0,96.6,0,27,4,479,479,69.7,3,12,194,100.0,100.0,94.6,18,3,205,205,94.36,91.22
Clint Boling,6253,G,CIN,12,0,7,81.9,0,17,457,100.0,100.0,98.1,0,17,0,474,474,79.4,0,8,195,100.0,100.0,97.9,8,0,201,201,96.41,96.02
Travelle Wharton,1815,G,CAR,16,0,5,84.6,3,14,453,100.0,100.0,98.1,1,17,0,474,474,81.5,2,10,197,100.0,100.0,97.0,12,0,207,207,96.41,94.2
Mackenzy Bernadeau,4564,G,DAL,12,0,9,74.2,3,17,428,100.0,100.0,96.7,1,24,4,452,452,66.2,2,12,208,100.0,100.0,95.7,16,2,223,223,94.69,92.83
A.Q. Shipley,5150,G,BLT,11,1,3,72.9,8,13,417,100.0,100.0,97.2,3,22,1,443,443,62.5,7,10,232,100.0,100.0,96.3,17,0,248,248,95.03,93.15
Scott Wells,1965,C,SL,12,0,26,84.4,0,4,416,100.0,100.0,99.3,1,5,1,441,441,81.1,0,3,172,100.0,100.0,99.1,3,0,183,183,98.87,98.36
Jeremy Trueblood,3004,T,ATL,11,0,2,66.6,7,24,408,100.0,100.0,95.7,1,33,2,436,436,65.6,5,12,202,100.0,100.0,94.8,19,2,218,218,92.43,91.28
Tony Pashos,1478,T,OAK,12,2,23,73.4,1,19,414,100.0,100.0,96.1,2,26,6,435,435,66.1,0,14,184,100.0,100.0,93.5,19,5,189,189,94.02,89.95
Paul McQuistan,3014,G,SEA,16,2,29,41.0,6,23,399,100.0,100.0,94.4,2,37,8,426,426,30.2,3,13,139,100.0,100.0,91.4,20,4,153,153,91.31,86.93
Will Rackley,6228,G,JAX,11,1,15,53.4,7,19,396,100.0,100.0,95.7,4,30,4,422,422,45.0,4,12,162,100.0,100.0,93.2,19,3,177,177,92.89,89.27
Doug Legursky,4860,G,BUF,11,1,4,72.9,4,15,399,100.0,100.0,97.6,2,19,0,421,421,64.2,2,11,177,100.0,100.0,96.3,13,0,188,188,95.49,93.09
Max Unger,4972,C,SEA,13,0,29,74.1,0,6,387,100.0,100.0,98.4,1,9,3,418,418,57.4,0,5,148,100.0,100.0,97.0,7,2,165,165,97.85,95.76
David Diehl,1468,G,NYG,11,0,21,45.5,7,33,397,100.0,100.0,94.5,0,42,2,413,413,26.5,6,28,220,100.0,100.0,91.4,36,2,228,228,89.83,84.21
Brian Winters,7853,G,NYJ,13,0,22,52.9,6,15,400,100.0,100.0,94.9,2,31,10,412,412,47.1,4,11,215,100.0,100.0,92.8,23,8,219,219,92.48,89.5
Jon Asamoah,5593,G,KC,12,2,16,80.7,0,12,376,100.0,100.0,98.1,2,13,1,400,400,72.7,0,6,133,100.0,100.0,97.7,6,0,139,139,96.75,95.68
James Carpenter,6177,G,SEA,16,2,29,69.3,4,8,372,100.0,100.0,97.3,3,16,4,396,396,57.3,1,7,139,100.0,100.0,95.0,11,3,151,151,95.96,92.72
Lucas Nix,7414,G,OAK,12,0,23,31.4,2,33,365,100.0,100.0,93.8,0,40,5,382,382,5.7,2,24,150,100.0,100.0,89.3,29,3,159,159,89.53,81.76
Johnnie Troutman,7651,G,SD,11,0,27,54.3,6,29,357,100.0,100.0,94.8,1,36,1,379,379,32.6,6,25,204,100.0,100.0,91.9,32,1,216,216,90.5,85.19
Chad Rinehart,4410,G,SD,11,0,27,75.0,5,11,348,100.0,100.0,97.4,0,17,1,372,372,69.8,4,11,213,100.0,100.0,96.5,15,0,226,226,95.43,93.36
Mike Iupati,5542,G,SF,12,0,28,60.5,3,19,356,100.0,100.0,96.1,1,25,3,371,371,37.1,1,17,152,100.0,100.0,92.8,20,2,159,159,93.26,87.42
King Dunlap,4544,T,SD,11,1,27,77.3,3,13,333,100.0,100.0,96.7,2,19,3,360,360,76.5,1,11,188,100.0,100.0,95.7,14,2,205,205,94.72,93.17
Joe Hawley,5641,C,ATL,12,0,2,71.7,3,10,336,100.0,99.7,98.1,1,13,0,358,359,60.6,2,5,155,100.0,100.0,97.7,7,0,171,171,96.37,95.91
Harvey Dahl,2553,G,SL,9,0,26,72.2,8,9,325,100.0,100.0,96.8,3,19,2,342,342,70.5,5,5,137,100.0,100.0,94.9,12,2,146,146,94.44,91.78
Geoff Schwartz,4555,G,KC,12,0,16,83.1,2,6,318,100.0,100.0,98.1,1,10,2,340,340,80.3,1,2,104,100.0,100.0,97.6,4,1,112,112,97.06,96.43
Brian Schwenke,7889,C,TEN,9,1,31,55.7,8,12,315,100.0,100.0,95.9,1,23,3,335,335,45.4,7,8,167,100.0,100.0,94.3,17,2,175,175,93.13,90.29
Anthony Collins,4426,T,CIN,11,0,7,86.4,0,12,317,100.0,100.0,98.1,0,12,0,330,330,79.7,0,7,102,100.0,100.0,96.6,7,0,105,105,96.36,93.33
LaAdrian Waddle,8460,T,DET,9,0,11,72.1,8,17,312,100.0,100.0,96.0,0,25,0,326,326,60.3,6,14,146,100.0,100.0,93.2,20,0,152,152,92.33,86.84
Donald Stephenson,7076,T,KC,13,0,16,61.4,5,22,298,99.7,99.7,95.1,3,28,1,322,323,44.6,1,13,89,100.0,100.0,92.1,14,0,97,97,91.3,85.57
Richie Incognito,2298,G,MIA,8,0,17,78.9,3,2,302,100.0,100.0,97.2,0,11,6,312,312,69.4,1,2,128,100.0,100.0,94.1,9,6,131,131,96.47,93.13
Sebastian Vollmer,4981,T,NE,8,0,19,79.4,1,13,294,100.0,100.0,96.9,0,16,2,311,311,70.3,1,8,113,100.0,100.0,95.1,10,1,121,121,94.86,91.74
Marcus Cannon,6290,T,NE,12,0,19,75.5,4,12,283,100.0,100.0,96.8,0,17,1,309,309,65.0,3,8,109,100.0,100.0,94.0,12,1,121,121,94.5,90.08
Mike Adams,7643,T,PIT,14,0,25,57.5,8,24,294,99.3,99.4,93.2,2,36,4,309,311,53.3,4,16,146,99.3,99.3,90.4,24,4,152,153,88.35,84.21
Jonathan Martin,7046,T,MIA,7,1,17,66.9,7,15,296,100.0,100.0,93.9,1,29,7,306,306,54.4,4,10,126,100.0,100.0,89.7,20,6,129,129,90.52,84.5
Ryan Harris,3686,T,HST,15,0,13,65.2,12,14,291,100.0,100.0,94.8,1,28,2,305,305,62.2,8,11,147,100.0,100.0,92.2,21,2,153,153,90.82,86.27
Michael Bowie,8025,T,SEA,9,0,29,60.4,3,11,277,100.0,100.0,95.7,1,19,5,294,294,47.3,2,7,88,100.0,100.0,91.5,12,3,96,96,93.54,87.5
Rodger Saffold,5558,T,SL,12,0,26,83.7,3,11,272,100.0,100.0,97.4,0,14,0,289,289,70.1,3,10,111,100.0,100.0,94.1,13,0,120,120,95.16,89.17
Jim Cordle,5826,C,NYG,10,0,21,65.0,3,6,272,99.6,99.7,96.9,1,13,4,287,288,55.3,3,5,146,100.0,100.0,95.2,11,3,155,155,95.47,92.9
Nate Chandler,7521,G,CAR,11,0,5,49.5,0,23,276,99.6,99.7,94.4,0,27,4,286,287,31.9,0,19,112,100.0,100.0,89.7,21,2,116,116,90.56,81.9
Breno Giacomini,4464,T,SEA,9,0,29,65.2,1,19,267,100.0,100.0,94.8,0,24,4,286,286,71.2,0,11,111,100.0,100.0,93.2,13,2,122,122,91.61,89.34
Corey Hilliard,3825,T,DET,9,0,11,67.4,1,14,269,100.0,100.0,96.8,0,16,1,280,280,56.1,1,11,110,100.0,100.0,93.6,13,1,116,116,94.29,88.79
Nate Garner,4525,G,MIA,10,0,17,76.6,1,8,269,100.0,100.0,97.6,0,11,2,278,278,58.9,1,7,109,100.0,100.0,94.5,10,2,114,114,96.04,91.23
Chris Scott,5674,G,CAR,10,0,5,78.8,3,6,262,100.0,100.0,97.9,1,10,1,278,278,83.5,0,4,122,100.0,100.0,97.5,5,1,130,130,96.4,96.15
Kelechi Osemele,7062,G,BLT,7,1,3,70.6,6,11,261,100.0,100.0,96.7,2,17,0,275,275,62.2,5,9,145,100.0,100.0,95.2,14,0,156,156,93.82,91.03
James Brewer,6269,G,NYG,10,0,21,59.7,4,11,252,100.0,100.0,96.6,0,16,1,259,259,57.9,3,7,141,100.0,100.0,95.7,11,1,147,147,93.82,92.52
Ted Larsen,5728,G,TB,8,0,30,71.8,2,12,223,100.0,100.0,96.4,3,15,1,243,243,67.2,2,9,127,100.0,100.0,94.9,12,1,142,142,93.83,91.55
Russell Okung,5531,T,SEA,8,1,29,59.2,3,9,224,100.0,100.0,96.4,5,14,2,241,241,39.8,0,8,92,100.0,100.0,93.5,10,2,102,102,94.19,90.2
Jamon Meredith,5086,G,TB,13,1,30,63.4,7,11,224,100.0,100.0,95.5,1,19,1,240,240,52.1,4,10,117,100.0,100.0,93.2,15,1,124,124,92.08,87.9
Jeff Linkenbach,5964,T,IND,8,0,14,66.9,2,12,213,100.0,100.0,95.8,1,16,2,235,235,60.0,2,8,101,100.0,100.0,93.1,12,2,112,112,93.19,89.29
Robert Turner,4085,C,TEN,6,0,31,57.9,3,8,221,100.0,100.0,96.6,2,13,2,232,232,58.9,1,6,117,100.0,100.0,97.0,7,0,121,121,94.4,94.21
Oniel Cousins,4413,G,CLV,9,0,8,48.6,2,20,221,100.0,100.0,94.6,2,23,1,228,228,33.7,1,16,123,100.0,100.0,92.3,18,1,127,127,89.91,85.83
Colin Brown,5063,G,BUF,6,0,4,27.1,7,16,205,100.0,100.0,92.9,0,26,3,224,224,25.1,5,10,107,100.0,100.0,90.2,18,3,116,116,88.39,84.48
Brian Waters,575,G,DAL,7,0,9,86.7,2,6,204,100.0,100.0,98.0,0,8,0,218,218,84.1,2,5,118,100.0,100.0,97.0,7,0,129,129,96.33,94.57
Jared Veldheer,5594,T,OAK,5,1,23,74.4,0,13,196,100.0,100.0,96.2,4,14,1,209,209,80.3,0,7,96,100.0,100.0,95.3,8,1,99,99,93.3,91.92
Ryan Schraeder,8496,T,ATL,7,0,2,66.8,0,12,193,100.0,100.0,94.8,0,16,4,207,207,72.2,0,7,90,100.0,100.0,95.0,8,1,99,99,92.27,91.92
Shelley Smith,5710,G,SL,10,0,26,58.7,4,12,188,100.0,100.0,94.7,0,18,2,200,200,46.5,4,8,88,100.0,100.0,92.0,13,1,91,91,91.0,85.71
Mike Pollak,4373,G,CIN,7,0,7,78.0,3,2,183,100.0,100.0,98.1,0,6,1,194,194,54.0,2,2,54,100.0,100.0,94.4,5,1,57,57,96.91,91.23
Luke Joeckel,7784,T,JAX,5,0,15,62.9,1,11,178,100.0,100.0,94.9,0,15,3,186,186,50.7,1,9,76,100.0,100.0,89.5,13,3,79,79,91.94,83.54
Sam Brenner,8493,G,MIA,7,1,17,51.8,2,10,178,100.0,100.0,96.1,2,13,1,183,183,42.7,1,7,85,100.0,100.0,94.1,9,1,88,88,92.9,89.77
Gary Barnidge,4455,TE,CLV,16,0,8,91.0,1,4,175,63.2,63.0,98.6,1,5,0,182,289,89.7,0,0,42,46.7,46.2,100.0,0,0,43,93,97.25,100.0
Vladimir Ducasse,5586,G,NYJ,9,1,22,51.4,4,11,170,100.0,100.0,94.4,2,17,2,181,181,46.2,3,6,90,100.0,100.0,93.9,10,1,93,93,90.61,89.25
Adam Snyder,2311,G,SF,13,0,28,55.5,2,8,164,100.0,100.0,94.5,0,14,4,175,175,39.6,1,5,63,100.0,100.0,90.5,9,3,65,65,92.0,86.15
Levi Brown,3621,T,PIT,4,0,25,47.2,6,8,164,100.0,100.0,93.3,1,18,4,175,175,30.7,6,7,81,100.0,100.0,88.3,16,3,89,89,89.71,82.02
Cody Wallace,4421,C,PIT,6,1,25,83.1,0,0,162,100.0,100.0,98.8,2,2,2,166,166,71.7,0,0,71,100.0,100.0,97.2,2,2,72,72,98.8,97.22
Guy Whimper,3074,T,PIT,7,0,25,70.0,0,5,156,100.0,100.0,96.5,1,8,3,164,164,65.3,0,3,78,100.0,100.0,94.2,6,3,80,80,95.12,92.5
Frank Gore,2282,HB,SF,16,0,28,93.5,1,3,160,39.8,38.8,98.7,0,4,0,164,423,92.1,1,1,63,36.8,36.0,98.4,2,0,64,178,97.56,96.88
Marshall Newhouse,5692,T,GB,6,1,12,40.2,4,13,150,100.0,100.0,92.3,1,20,3,162,162,16.7,4,9,56,100.0,100.0,83.0,16,3,63,63,87.65,74.6
Will Svitek,2404,T,NE,5,0,19,71.2,1,5,149,100.0,100.0,96.6,0,8,2,158,158,64.5,1,2,61,100.0,100.0,95.9,4,1,67,67,94.94,94.03
Matt Forte,4358,HB,CHI,16,0,6,67.7,2,11,145,25.3,25.4,93.4,0,16,3,155,611,58.9,2,9,81,27.2,26.9,90.7,13,2,85,316,89.68,84.71
Andre Gurode,1044,C,OAK,8,0,23,71.4,1,4,146,100.0,100.0,97.6,0,6,1,154,154,50.5,1,4,64,100.0,100.0,94.5,6,1,69,69,96.1,91.3
Chris Ogbonnaya,5135,HB,CLV,16,0,8,75.3,2,10,150,36.1,35.5,94.7,0,14,2,152,428,64.5,2,10,103,39.5,38.9,92.2,14,2,105,270,90.79,86.67
Tim Barnes,6499,C,SL,5,0,26,70.2,2,3,140,100.0,100.0,97.5,0,6,1,148,148,61.7,1,2,64,100.0,100.0,96.1,4,1,69,69,95.95,94.2
Ben Jones,7099,G,HST,10,0,13,59.6,2,8,141,100.0,100.0,95.7,1,11,1,148,148,46.4,1,7,70,100.0,100.0,94.3,8,0,75,75,92.57,89.33
Mike Brewster,7364,G,JAX,7,0,15,76.7,2,2,138,99.3,99.3,97.8,0,5,1,141,142,70.7,0,1,42,100.0,100.0,96.4,2,1,44,44,96.45,95.45
Chris Snee,1755,G,NYG,3,1,21,40.2,0,10,127,100.0,100.0,93.7,1,13,3,137,137,28.9,0,9,78,100.0,100.0,91.7,11,2,84,84,90.51,86.9
Lemuel Jeanpierre,5853,C,SEA,10,0,29,68.9,0,6,131,99.2,99.3,97.7,0,6,0,136,137,60.0,0,4,41,100.0,100.0,95.1,4,0,42,42,95.59,90.48
Sam Baker,4335,T,ATL,4,0,2,44.6,7,12,131,100.0,100.0,92.0,2,20,1,135,135,24.3,5,10,64,100.0,100.0,86.7,16,1,67,67,85.19,76.12
Trent Richardson,7009,HB,IND,16,0,14,67.6,4,9,125,34.2,34.6,94.0,0,14,1,133,384,77.4,1,5,54,33.3,34.3,94.4,6,0,59,172,89.47,89.83
Roy Helu,6257,HB,WAS,16,0,32,86.7,3,4,130,30.4,29.9,96.5,0,8,1,133,445,82.0,3,4,75,32.3,31.9,95.3,7,0,76,238,93.98,90.79
Lamar Miller,7097,HB,MIA,16,0,17,68.9,1,4,127,31.6,31.8,96.5,1,7,2,133,418,46.8,1,3,57,32.6,33.9,93.0,6,2,62,183,94.74,90.32
Mike Tolbert,4740,FB,CAR,16,0,5,77.4,2,8,121,36.2,37.0,95.0,1,11,1,131,354,70.6,1,6,68,42.8,44.4,93.4,8,1,75,169,91.6,89.33
Michael Hoomanawanui,5655,TE,NE,13,0,19,67.8,1,6,125,38.7,37.7,96.4,1,8,1,129,342,31.4,1,4,19,19.2,19.0,81.6,6,1,20,105,93.8,70.0
Joe Berger,2424,G,MIN,6,0,18,91.4,0,3,125,100.0,100.0,98.8,0,3,0,129,129,86.4,0,1,37,100.0,100.0,98.6,1,0,38,38,97.67,97.37
Matt McCants,7657,T,OAK,7,1,23,83.1,0,3,118,100.0,100.0,98.7,1,3,0,127,127,80.8,0,2,47,100.0,100.0,97.9,2,0,54,54,97.64,96.3
Jermaine Gresham,5546,TE,CIN,14,1,7,67.7,0,6,117,23.5,24.5,97.4,4,6,0,127,519,47.1,0,4,28,15.1,15.0,92.9,4,0,29,193,95.28,86.21
Ray Rice,4369,HB,BLT,15,0,3,63.8,1,8,120,26.7,26.9,92.9,0,13,4,127,472,68.2,0,5,72,28.5,28.6,92.4,8,3,77,269,89.76,89.61
Jacques McClendon,5652,G,JAX,3,0,15,88.4,0,3,124,100.0,100.0,98.8,0,3,0,126,126,86.8,0,1,47,100.0,100.0,98.9,1,0,49,49,97.62,97.96
Julius Thomas,6281,TE,DEN,14,0,10,72.2,1,1,111,20.3,21.0,98.2,0,3,1,122,581,83.0,0,0,11,6.0,6.3,100.0,0,0,12,189,97.54,100.0
Jim Dray,5756,TE,ARZ,16,0,1,67.3,6,6,116,35.5,35.3,94.0,1,13,1,122,346,83.6,1,0,36,28.6,28.9,95.8,2,1,39,135,89.34,94.87
DeMarco Murray,6223,HB,DAL,14,1,9,83.5,1,5,110,26.5,27.4,96.4,2,7,1,121,442,72.9,1,3,44,22.2,24.4,93.2,5,1,53,217,94.21,90.57
Eddie Lacy,7842,HB,GB,15,0,12,89.6,1,2,110,31.3,32.4,98.6,0,3,0,120,370,88.2,0,1,40,44.4,46.5,98.7,1,0,47,101,97.5,97.87
Fred Jackson,3368,HB,BUF,16,0,4,81.6,1,3,111,29.1,28.9,97.3,1,5,1,119,412,80.0,0,1,53,26.2,25.2,97.2,2,1,55,218,95.8,96.36
Jamaal Charles,4387,HB,KC,15,1,16,77.6,1,7,110,22.0,21.9,94.5,2,10,2,118,538,79.0,0,4,47,26.6,27.0,93.6,5,1,51,189,91.53,90.2
Jason Fox,5651,T,DET,7,0,11,76.5,1,2,112,100.0,100.0,97.8,0,4,1,117,117,71.8,1,1,50,100.0,100.0,96.0,3,1,50,50,96.58,94.0
Brandon Pettigrew,4943,TE,DET,14,2,11,73.3,1,2,110,20.8,21.2,97.7,3,4,1,117,551,59.5,0,2,17,7.2,7.7,94.1,2,0,19,246,96.58,89.47
Rashad Jennings,5174,HB,OAK,15,2,23,67.0,2,10,114,35.0,33.7,94.7,2,12,0,115,341,67.4,1,6,58,41.1,39.9,94.0,7,0,59,148,89.57,88.14
Bryce Harris,7245,T,NO,12,0,20,69.8,3,7,110,99.1,99.1,94.5,0,11,1,114,115,58.0,1,5,40,100.0,100.0,90.0,7,1,42,42,90.35,83.33
Maurice Jones-Drew,3005,HB,JAX,15,0,15,93.1,0,0,111,29.4,28.9,100.0,0,0,0,114,394,92.0,0,0,38,29.7,28.4,100.0,0,0,40,141,100.0,100.0
Bilal Powell,6278,HB,NYJ,16,1,22,71.9,0,11,108,28.6,28.8,94.0,1,12,1,113,392,77.8,0,8,66,30.7,31.1,93.9,8,0,68,219,89.38,88.24
Michael Harris,7730,T,SD,3,0,27,66.7,1,5,106,100.0,100.0,96.2,0,7,1,113,113,51.2,1,3,51,100.0,100.0,94.1,5,1,56,56,93.81,91.07
Adrian Peterson,3623,HB,MIN,14,0,18,73.7,2,7,106,29.0,29.8,94.8,0,10,1,112,376,70.7,0,3,38,29.2,31.6,93.4,4,1,43,136,91.07,90.7
Eben Britton,4962,G,CHI,13,0,6,72.3,2,7,101,98.1,98.2,95.5,0,9,0,110,112,61.4,1,2,29,100.0,100.0,94.8,3,0,34,34,91.82,91.18
Jason Pinkston,6302,G,CLV,3,0,8,87.6,0,4,103,100.0,100.0,98.1,0,4,0,107,107,80.2,0,4,52,100.0,100.0,96.2,4,0,54,54,96.26,92.59
Benjamin Watson,1753,TE,NO,15,0,20,66.4,0,6,101,43.5,42.7,96.0,0,7,1,106,248,39.9,0,2,21,29.6,28.2,90.5,3,1,22,78,93.4,86.36
Charles Clay,6326,TE,MIA,16,0,17,71.2,1,3,103,18.2,18.0,98.1,2,4,0,105,584,61.9,1,1,32,12.5,12.9,96.9,2,0,34,263,96.19,94.12
Donald Brown,4950,HB,IND,16,0,14,69.1,2,4,93,38.4,39.5,94.6,0,8,2,103,261,57.2,2,3,46,36.8,38.4,90.2,7,2,53,138,92.23,86.79
Brandon Myers,5126,TE,NYG,16,0,21,61.8,2,5,99,18.3,18.2,96.5,0,7,0,103,567,70.0,1,2,30,9.6,9.4,95.0,3,0,31,329,93.2,90.32
Chris Johnson,4338,HB,TEN,16,1,31,70.7,1,6,91,19.4,20.4,95.1,3,8,1,101,494,66.3,1,4,50,20.1,20.4,95.0,5,0,53,260,92.08,90.57
Giovani Bernard,7818,HB,CIN,16,0,7,84.1,1,4,95,24.1,24.1,97.4,0,5,0,100,415,78.5,1,2,44,27.5,27.9,96.6,3,0,46,165,95.0,93.48
David Baas,2250,C,NYG,3,0,21,68.5,0,4,90,100.0,100.0,96.7,0,5,1,100,100,62.2,0,2,58,100.0,100.0,96.6,3,1,64,64,95.0,95.31
Tim Lelito,8189,G,NO,6,1,20,48.9,0,5,96,100.0,100.0,93.2,1,9,4,97,97,12.2,0,5,37,100.0,100.0,85.1,8,3,37,37,90.72,78.38
Menelik Watson,7823,T,OAK,5,1,23,59.5,2,7,91,100.0,100.0,94.0,1,10,1,94,94,50.2,1,5,30,100.0,100.0,86.7,7,1,32,32,89.36,78.12
Marcedes Lewis,2973,TE,JAX,10,0,15,78.6,1,2,88,25.1,25.4,98.3,0,3,0,93,366,69.6,1,1,27,21.8,22.6,96.3,2,0,31,137,96.77,93.55
Gabe Carimi,6181,G,TB,12,0,30,62.9,0,1,85,100.0,100.0,98.2,1,2,1,93,93,74.4,0,0,32,100.0,100.0,96.9,1,1,34,34,97.85,97.06
Carl Nicks,4478,G,TB,2,0,30,75.7,2,0,90,100.0,100.0,97.8,0,3,1,93,93,67.1,2,0,56,100.0,100.0,96.4,3,1,58,58,96.77,94.83
Ryan Clady,4326,T,DEN,2,0,10,77.5,0,5,87,100.0,100.0,96.0,0,6,1,92,92,58.7,0,4,33,100.0,100.0,90.9,5,1,33,33,93.48,84.85
Amini Silatolu,7044,G,CAR,3,0,5,75.9,2,2,88,100.0,100.0,96.6,0,5,1,92,92,78.3,1,0,45,100.0,100.0,96.7,2,1,46,46,94.57,95.65
Daniel Thomas,6214,HB,MIA,15,0,17,70.3,0,5,91,41.6,41.1,94.0,0,8,3,92,224,65.8,0,3,48,49.0,49.0,90.6,6,3,49,100,91.3,87.76
Logan Paulsen,5795,TE,WAS,16,0,32,63.4,5,7,89,20.6,20.4,93.3,1,12,0,91,445,55.7,0,2,10,6.4,6.2,90.0,2,0,10,161,86.81,80.0
Marshawn Lynch,3628,HB,SEA,16,0,29,80.8,1,3,85,24.6,24.6,97.6,0,4,0,91,370,60.1,1,2,26,23.4,23.4,94.2,3,0,29,124,95.6,89.66
Jason Witten,1384,TE,DAL,16,0,9,77.1,1,2,85,13.6,13.6,98.2,2,3,0,90,662,69.9,1,0,21,6.5,6.6,97.6,1,0,23,349,96.67,95.65
Terron Armstead,7856,T,NO,2,0,20,64.0,1,3,85,100.0,100.0,94.1,0,7,3,86,86,43.0,1,3,37,100.0,100.0,86.5,7,3,38,38,91.86,81.58
Knowshon Moreno,4935,HB,DEN,16,0,10,64.0,3,3,79,18.8,19.2,94.9,3,7,1,86,449,64.7,1,2,27,18.8,18.5,94.4,3,0,27,146,91.86,88.89
Brent Celek,3778,TE,PHI,16,1,24,69.8,0,5,76,19.3,19.4,96.7,2,5,0,82,423,57.3,0,3,22,12.9,12.5,93.2,3,0,23,184,93.9,86.96
Brian Leonard,3668,HB,TB,16,0,30,83.0,0,6,74,33.0,34.9,94.6,0,7,1,82,235,80.9,0,4,54,33.3,33.5,94.4,5,1,56,167,91.46,91.07
Zach Miller,3654,TE,SEA,14,0,29,62.2,0,5,79,21.3,20.4,95.6,0,6,1,81,397,64.1,0,1,11,8.2,8.2,95.5,1,0,12,147,92.59,91.67
Alfred Morris,7165,HB,WAS,16,0,32,76.6,1,2,78,31.1,31.4,96.8,0,4,1,81,258,83.3,0,0,7,17.5,16.7,100.0,0,0,7,42,95.06,100.0
Mike Otto,3839,T,TEN,4,0,31,42.9,0,9,76,100.0,100.0,92.8,0,10,1,81,81,27.8,0,8,36,100.0,100.0,86.1,9,1,40,40,87.65,77.5
Rich Ohrnberger,5047,C,SD,5,0,27,39.4,1,5,72,100.0,100.0,95.8,1,6,0,80,80,48.2,1,3,36,100.0,100.0,94.4,4,0,39,39,92.5,89.74
Xavier Nixon,8157,T,IND,4,0,14,55.2,3,2,75,100.0,100.0,95.3,0,6,1,79,79,31.6,1,2,24,100.0,100.0,89.6,4,1,28,28,92.41,85.71
Jeff Cumberland,5861,TE,NYJ,15,0,22,48.8,3,8,73,22.9,23.2,92.5,1,11,0,78,336,51.8,2,7,36,22.2,22.8,87.5,9,0,38,167,85.9,76.32
John Kuhn,2686,FB,GB,14,0,12,89.9,0,3,70,40.0,40.7,97.9,0,3,0,77,189,85.1,0,3,27,40.3,42.7,94.4,3,0,32,75,96.1,90.62
Joe Reitz,4789,G,IND,10,0,14,86.1,0,2,74,100.0,100.0,98.6,0,2,0,77,77,83.3,0,1,30,100.0,100.0,98.3,1,0,32,32,97.4,96.88
Chris Spencer,2243,C,TEN,2,0,31,62.4,0,2,72,100.0,100.0,98.6,0,2,0,76,76,58.0,0,2,42,100.0,100.0,97.6,2,0,44,44,97.37,95.45
Jeron Mastrud,5948,TE,OAK,16,0,23,81.8,0,2,71,31.8,32.6,97.2,0,3,1,76,233,77.9,0,0,6,12.0,14.8,100.0,0,0,8,54,96.05,100.0
Jacquizz Rodgers,6297,HB,ATL,15,0,2,84.0,0,4,70,22.9,23.2,97.1,0,4,0,76,328,76.8,0,3,39,24.2,24.7,96.2,3,0,43,174,94.74,93.02
LeSean McCoy,4976,HB,PHI,16,1,24,43.0,0,9,70,15.0,15.1,92.1,1,10,1,75,498,45.1,0,3,41,17.3,17.9,93.9,4,1,45,252,86.67,91.11
Le'Veon Bell,7829,HB,PIT,13,1,25,65.6,0,6,72,18.2,18.0,93.1,3,8,2,75,416,56.2,0,4,38,21.8,21.7,89.5,6,2,39,180,89.33,84.62
Heath Miller,2247,TE,PIT,14,0,25,68.0,1,2,69,12.8,13.3,96.4,0,4,1,75,564,62.5,1,1,28,11.3,11.4,92.9,3,1,29,255,94.67,89.66
Anthony Fasano,2998,TE,KC,9,0,16,65.6,1,2,68,22.4,22.7,96.3,1,4,1,74,326,73.9,0,0,21,21.4,20.0,95.2,1,1,21,105,94.59,95.24
Greg Olsen,3647,TE,CAR,16,0,5,68.5,0,3,67,12.3,12.8,94.8,1,5,2,73,572,47.5,0,1,21,8.8,9.5,88.1,3,2,24,252,93.15,87.5
Pierre Thomas,4080,HB,NO,16,0,20,73.8,0,5,70,18.9,18.7,93.6,0,7,2,73,390,69.2,0,2,25,18.9,19.1,88.0,4,2,27,141,90.41,85.19
Chris Kuper,3106,G,DEN,2,0,10,59.4,1,2,68,100.0,100.0,96.3,0,4,1,72,72,41.5,0,1,21,100.0,100.0,92.9,2,1,21,21,94.44,90.48
Steven Jackson,1745,HB,ATL,12,0,2,83.5,0,5,68,28.3,28.0,94.9,0,6,1,71,254,71.6,0,4,27,24.8,24.4,88.9,5,1,29,119,91.55,82.76
Zac Stacy,7942,HB,SL,14,0,26,86.9,0,2,66,23.6,23.8,97.0,0,3,1,71,298,77.9,0,1,26,23.0,22.8,94.2,2,1,28,123,95.77,92.86
Martellus Bennett,4375,TE,CHI,16,0,6,45.0,0,6,66,11.3,11.5,92.4,1,8,2,71,618,29.4,0,4,26,8.4,8.0,84.6,6,2,26,327,88.73,76.92
Ben Tate,5583,HB,HST,14,0,13,59.5,0,8,69,24.7,24.2,94.2,1,8,0,70,289,67.0,0,3,38,28.4,28.1,96.1,3,0,38,135,88.57,92.11
Andre Brown,5053,HB,NYG,8,0,21,70.5,1,3,68,33.2,32.4,94.1,0,6,2,69,213,56.0,1,3,38,34.5,34.2,89.5,6,2,39,114,91.3,84.62
Harland Gunn,7333,G,ATL,3,0,2,69.8,1,3,61,100.0,100.0,96.7,0,4,0,68,68,57.8,1,2,26,100.0,100.0,94.2,3,0,31,31,94.12,90.32
Bernard Pierce,7085,HB,BLT,16,0,3,72.4,3,5,61,28.9,30.1,93.4,0,8,0,68,226,62.2,1,5,39,34.5,35.5,92.3,6,0,43,121,88.24,86.05
Garrett Gilkey,8010,G,CLV,3,0,8,73.2,0,2,65,100.0,100.0,96.9,0,3,1,67,67,60.2,0,2,36,100.0,100.0,94.4,3,1,38,38,95.52,92.11
Lance Kendricks,6199,TE,SL,15,0,26,78.5,0,1,66,26.6,25.7,97.7,0,2,1,67,261,44.0,0,1,10,13.0,12.3,85.0,2,1,10,81,97.01,80.0
Andrew Quarless,5677,TE,GB,16,0,12,66.5,1,1,63,17.1,16.8,96.8,0,3,1,66,392,45.5,0,0,3,2.8,5.0,100.0,0,0,6,121,95.45,100.0
Tony Gonzalez,237,TE,ATL,16,1,2,62.6,1,0,60,9.0,9.3,94.2,3,4,3,66,709,39.2,1,0,13,4.0,4.3,80.8,3,2,15,349,93.94,80.0
BenJarvus Green-Ellis,4599,HB,CIN,16,0,7,75.4,1,3,65,30.7,30.0,96.9,0,4,0,66,220,86.7,0,1,21,32.8,32.4,97.6,1,0,22,68,93.94,95.45
Lamar Mady,8532,G,OAK,3,0,23,56.6,1,0,62,100.0,100.0,97.6,1,2,1,65,65,27.1,1,0,26,100.0,100.0,94.2,2,1,29,29,96.92,93.1
Jed Collins,4743,FB,NO,16,0,20,61.9,2,3,59,34.3,34.8,92.4,1,7,2,64,184,67.6,1,1,8,33.3,34.5,87.5,2,0,10,29,89.06,80.0
Matthew Mulligan,4701,TE,NE,14,0,19,70.6,0,2,61,60.4,58.9,98.4,0,2,0,63,107,20.0,0,1,5,21.7,22.2,90.0,1,0,6,27,96.83,83.33
Garrett Graham,5642,TE,HST,13,1,13,58.1,0,3,59,12.4,12.4,95.8,2,4,1,62,499,19.8,0,0,5,2.1,2.4,80.0,1,1,6,250,93.55,83.33
Ben Hartsock,1789,TE,CAR,13,0,5,79.2,0,2,60,57.7,57.9,98.3,0,2,0,62,107,80.1,0,0,10,37.0,37.0,100.0,0,0,10,27,96.77,100.0
Da'Rel Scott,6373,HB,NYG,5,0,21,80.3,2,1,57,50.4,52.1,95.6,0,4,1,62,119,83.0,1,1,43,56.6,57.5,95.3,3,1,46,80,93.55,93.48
Josh Kline,8230,G,NE,4,1,19,59.5,2,1,57,100.0,100.0,97.4,1,3,0,62,62,34.7,1,1,20,100.0,100.0,95.0,2,0,22,22,95.16,90.91
Darren McFadden,4318,HB,OAK,10,0,23,37.6,1,9,59,32.1,31.6,89.8,0,11,1,61,193,41.3,1,4,32,41.0,41.5,89.1,6,1,34,82,81.97,82.35
Joique Bell,5797,HB,DET,16,0,11,77.2,1,2,59,17.1,16.8,95.8,0,4,1,61,363,68.8,1,2,32,20.1,19.8,92.2,4,1,33,167,93.44,87.88
DeAngelo Williams,2972,HB,CAR,15,0,5,89.4,1,1,60,27.4,26.4,98.3,0,2,0,60,227,80.3,1,1,25,29.4,28.4,96.0,2,0,25,88,96.67,92.0
Dallas Reynolds,5241,C,NYG,3,0,21,15.7,2,6,57,100.0,100.0,93.0,0,8,0,59,59,5.9,1,4,31,100.0,100.0,91.9,5,0,32,32,86.44,84.38
Rick Wagner,7950,G,BLT,7,0,3,58.2,0,4,57,96.6,96.7,91.2,0,7,3,59,61,44.6,0,4,33,100.0,100.0,84.8,7,3,34,34,88.14,79.41
Tyler Eifert,7802,TE,CIN,15,0,7,75.6,0,2,54,15.3,15.9,98.1,0,2,0,59,370,78.5,0,0,6,5.3,5.1,100.0,0,0,6,117,96.61,100.0
Byron Stingily,6327,T,TEN,2,0,31,60.9,2,2,55,100.0,100.0,92.7,0,6,2,59,59,67.9,1,2,28,100.0,100.0,91.1,4,1,30,30,89.83,86.67
Coby Fleener,7038,TE,IND,16,0,14,86.2,0,1,59,10.9,10.2,99.2,0,1,0,59,576,84.3,0,0,14,5.4,5.0,100.0,0,0,14,279,98.31,100.0
Sean McGrath,7515,TE,KC,16,0,16,64.0,1,4,55,16.9,16.7,95.5,1,5,0,58,348,80.4,0,1,11,11.8,11.2,95.5,1,0,11,98,91.38,90.91
Rashard Mendenhall,4337,HB,ARZ,15,0,1,75.3,0,2,55,25.8,25.8,96.4,0,3,1,58,225,66.8,0,1,24,33.8,34.6,93.7,2,1,27,78,94.83,92.59
Ed Dickson,5595,TE,BLT,16,0,3,74.4,2,1,49,17.4,19.1,96.9,0,3,0,58,304,75.3,0,1,11,8.7,10.7,95.5,1,0,15,140,94.83,93.33
James Hanna,7175,TE,DAL,16,0,9,71.9,0,3,54,35.8,36.1,97.2,1,3,0,57,158,53.5,0,1,7,11.9,13.1,92.9,1,0,8,61,94.74,87.5
Lee Smith,6311,TE,BUF,16,0,4,82.2,0,1,55,39.6,39.3,99.1,0,1,0,57,145,76.4,0,0,5,16.1,15.6,100.0,0,0,5,32,98.25,100.0
Jordan Cameron,6254,TE,CLV,15,1,8,58.2,0,1,55,8.1,8.1,99.1,1,1,0,57,700,52.6,0,1,21,5.5,5.6,97.6,1,0,22,390,98.25,95.45
J'Marcus Webb,5741,T,MIN,4,0,18,67.8,1,2,55,100.0,100.0,95.5,0,4,1,56,56,63.5,0,2,15,100.0,100.0,93.3,2,0,15,15,92.86,86.67
Danny Woodhead,4914,HB,SD,16,0,27,65.3,0,8,54,15.2,14.9,88.9,0,10,2,56,377,55.9,0,7,34,16.2,16.2,83.8,9,2,36,222,82.14,75.0
Tommy Bohanon,7997,FB,NYJ,16,0,22,48.9,1,5,54,32.5,31.8,90.7,0,8,2,55,173,76.1,0,1,24,33.8,33.8,93.7,2,1,24,71,85.45,91.67
Doug Martin,7035,HB,TB,6,0,30,61.6,1,5,53,33.5,32.5,94.3,0,6,0,54,166,60.6,0,3,21,27.6,26.3,92.9,3,0,21,80,88.89,85.71
Nate Potter,7205,T,ARZ,4,0,1,19.9,0,6,47,100.0,100.0,91.5,0,7,1,54,54,21.0,0,4,29,100.0,100.0,89.7,5,1,34,34,87.04,85.29
Will Ta'ufo'ou,5226,FB,JAX,16,0,15,46.1,1,4,50,38.8,38.9,95.0,0,5,0,51,131,54.5,0,2,16,50.0,50.0,93.7,2,0,16,32,90.2,87.5
Dion Sims,7888,TE,MIA,15,0,17,59.9,0,2,48,37.5,37.2,93.7,0,4,2,48,129,73.7,0,0,3,12.0,12.0,100.0,0,0,3,25,91.67,100.0
Virgil Green,6356,TE,DEN,16,0,10,70.2,2,1,40,38.1,41.2,96.2,0,3,0,47,114,44.6,1,0,5,16.1,16.1,90.0,1,0,5,31,93.62,80.0
Brandon Bolden,7469,HB,NE,10,0,19,56.6,0,3,44,22.8,22.5,92.0,0,5,2,47,209,28.5,0,3,20,21.5,20.4,82.5,5,2,21,103,89.36,76.19
Kyle Rudolph,6195,TE,MIN,8,0,18,87.9,0,1,44,16.0,16.3,98.9,0,1,0,46,282,87.2,0,0,15,11.5,12.5,100.0,0,0,17,136,97.83,100.0
Stevan Ridley,6225,HB,NE,14,0,19,86.1,0,3,43,34.1,32.1,96.5,0,3,0,45,140,74.2,0,1,7,20.0,20.5,92.9,1,0,9,44,93.33,88.89
Bobby Rainey Jr.,7511,HB,TB,12,0,30,59.5,0,5,41,27.7,28.1,91.5,0,6,1,45,160,62.1,0,3,18,31.0,29.2,91.7,3,0,19,65,86.67,84.21
Montee Ball,7839,HB,DEN,15,0,10,67.2,0,5,41,25.2,26.2,93.9,0,5,0,45,172,67.2,0,2,16,28.1,31.1,93.7,2,0,19,61,88.89,89.47
James Develin,6142,FB,NE,16,0,19,53.5,1,4,41,31.3,31.0,93.9,0,5,0,44,142,77.2,0,0,2,5.0,6.4,100.0,0,0,3,47,88.64,100.0
Toby Gerhart,5576,HB,MIN,14,0,18,69.2,0,1,40,27.2,28.9,96.2,0,2,1,44,152,67.1,0,1,23,28.8,30.5,93.5,2,1,25,82,95.45,92.0
John Carlson,4352,TE,MIN,13,0,18,71.3,0,2,42,16.2,16.5,97.6,0,2,0,44,266,58.0,0,1,10,11.9,12.6,95.0,1,0,11,87,95.45,90.91
Craig Stevens,4399,TE,TEN,15,0,31,77.1,0,0,41,31.8,31.9,100.0,1,0,0,44,138,77.0,0,0,7,17.5,16.7,100.0,0,0,7,42,100.0,100.0
Rhett Ellison,7128,FB,MIN,11,1,18,78.6,1,2,41,31.3,32.4,96.3,1,3,0,44,136,71.3,1,1,13,31.0,30.2,92.3,2,0,13,43,93.18,84.62
Donald Thomas,4509,G,IND,2,0,14,68.3,1,2,42,100.0,100.0,96.4,0,3,0,44,44,75.9,0,1,15,100.0,100.0,96.7,1,0,15,15,93.18,93.33
Peyton Hillis,4541,HB,NYG,7,0,21,78.0,0,1,42,36.5,36.1,96.4,0,2,1,43,119,67.0,0,1,23,35.9,35.4,93.5,2,1,23,65,95.35,91.3
Rokevious Watkins,7143,G,KC,2,1,16,53.2,3,1,40,100.0,100.0,92.5,1,5,1,43,43,40.5,0,1,6,100.0,100.0,91.7,1,0,7,7,88.37,85.71
Rishaw Johnson,7493,G,KC,3,0,16,48.3,1,1,38,100.0,100.0,94.7,0,3,1,42,42,39.6,0,1,6,100.0,100.0,91.7,1,0,7,7,92.86,85.71
Reggie Bush,2947,HB,DET,14,0,11,70.4,1,2,39,11.5,11.9,96.2,1,3,0,42,353,71.7,1,1,21,14.3,14.6,95.2,2,0,22,151,92.86,90.91
Chris Ivory,6007,HB,NYJ,14,0,22,55.0,0,4,37,34.3,36.8,91.9,0,5,1,42,114,38.6,0,1,10,24.4,25.6,85.0,2,1,11,43,88.1,81.82
Stanley Havili,6392,FB,IND,13,0,14,75.0,1,1,40,26.7,26.4,95.0,0,3,1,42,159,60.9,0,1,7,17.9,19.0,92.9,1,0,8,42,92.86,87.5
Jason Snelling,3860,HB,ATL,14,0,2,68.6,2,2,42,26.4,25.5,92.9,0,5,1,42,165,55.0,2,2,26,32.9,32.1,88.5,5,1,26,81,88.1,80.77
Erik Lorig,5775,FB,TB,15,0,30,77.8,0,4,38,34.5,32.8,94.7,0,4,0,41,125,84.0,0,0,6,30.0,29.6,100.0,0,0,8,27,90.24,100.0
Brandon Mosley,7131,G,NYG,3,0,21,68.3,0,3,40,100.0,100.0,96.2,0,3,0,40,40,59.2,0,3,25,100.0,100.0,94.0,3,0,25,25,92.5,88.0
Eric Kush,7952,C,KC,1,0,16,79.2,0,1,37,100.0,100.0,98.6,0,1,0,40,40,76.6,0,0,5,100.0,100.0,100.0,0,0,6,6,97.5,100.0
Jordan Todman,6335,HB,JAX,14,0,15,68.3,0,2,36,20.9,22.2,94.4,2,3,1,40,180,83.8,0,0,14,20.6,23.6,100.0,0,0,17,72,92.5,100.0
Willis McGahee,1339,HB,CLV,12,0,8,72.3,0,2,35,32.7,34.2,91.4,0,4,2,39,114,59.5,0,1,13,41.9,41.9,88.5,2,1,13,31,89.74,84.62
LeGarrette Blount,5863,HB,NE,15,0,19,89.0,0,0,37,35.2,35.8,100.0,0,0,0,39,109,83.7,0,0,8,47.1,47.1,100.0,0,0,8,17,100.0,100.0
Alfonso Smith,5877,HB,ARZ,12,0,1,85.6,1,0,35,36.1,35.9,98.6,0,1,0,37,103,81.6,1,0,26,37.7,38.4,98.1,1,0,28,73,97.3,96.43
Marcel Reece,4702,FB,OAK,16,0,23,91.1,0,0,33,11.0,11.2,100.0,1,0,0,36,322,89.9,0,0,15,14.0,14.2,100.0,0,0,16,113,100.0,100.0
Stepfan Taylor,7922,HB,ARZ,12,0,1,89.4,0,0,34,49.3,49.3,100.0,0,0,0,36,73,83.7,0,0,16,47.1,48.6,100.0,0,0,18,37,100.0,100.0
Cory Harkey,7306,FB,SL,15,0,26,80.3,0,0,34,33.0,32.1,97.1,0,1,1,35,109,80.7,0,0,6,42.9,41.2,100.0,0,0,7,17,97.14,100.0
Shane Vereen,6208,HB,NE,8,0,19,89.2,0,1,32,14.0,14.5,98.4,0,1,0,35,242,84.0,0,1,16,13.9,14.8,96.9,1,0,18,122,97.14,94.44
Jerome Felton,4460,FB,MIN,13,0,18,63.0,0,3,34,33.7,34.3,92.6,0,4,1,35,102,52.0,0,1,3,21.4,21.4,83.3,1,0,3,14,88.57,66.67
Tom Crabtree,5458,TE,TB,7,0,30,64.0,0,2,32,42.1,42.2,93.7,0,3,1,35,83,51.6,0,2,11,36.7,37.1,90.9,2,0,13,35,91.43,84.62
Robert Turbin,7106,HB,SEA,16,0,29,83.0,0,1,29,23.6,26.3,98.3,0,1,0,35,133,73.7,0,1,14,25.9,30.5,96.4,1,0,18,59,97.14,94.44
Steve Schilling,6353,G,SD,3,0,27,65.4,0,2,34,100.0,100.0,97.1,0,2,0,35,35,55.6,0,0,11,100.0,100.0,100.0,0,0,12,12,94.29,100.0
Felix Jones,4336,HB,PIT,15,0,25,69.1,1,1,34,35.4,35.0,94.1,0,3,1,35,100,58.1,1,1,20,37.0,37.5,90.0,3,1,21,56,91.43,85.71
Ronnie Brown,2219,HB,SD,14,0,27,88.4,0,1,31,37.3,35.4,98.4,0,1,0,34,96,83.5,0,1,17,32.7,30.5,97.1,1,0,18,59,97.06,94.44
Arian Foster,5398,HB,HST,8,0,13,75.3,0,3,32,16.8,16.9,95.3,0,3,0,34,201,66.8,0,3,21,22.3,21.4,92.9,3,0,22,103,91.18,86.36
Allen Barbre,3735,T,PHI,5,0,24,90.2,0,0,31,100.0,100.0,100.0,0,0,0,34,34,88.5,0,0,14,100.0,100.0,100.0,0,0,16,16,100.0,100.0
Joe Looney,7117,G,SF,1,0,28,86.6,0,0,31,100.0,100.0,100.0,0,0,0,34,34,83.2,0,0,10,100.0,100.0,100.0,0,0,11,11,100.0,100.0
Ryan Griffin,7982,TE,HST,13,0,13,47.8,0,2,33,14.5,14.5,93.9,1,3,1,34,235,66.6,0,1,7,6.2,6.0,92.9,1,0,7,117,91.18,85.71
Daryl Richardson,7233,HB,SL,8,0,26,55.8,1,3,30,25.0,26.0,90.0,0,5,1,33,127,31.3,1,3,16,30.2,29.6,81.2,5,1,16,54,84.85,68.75
Brandon Jacobs,2327,HB,NYG,7,0,21,83.6,0,2,31,40.3,39.8,96.8,0,2,0,33,83,83.8,0,1,16,45.7,47.4,96.9,1,0,18,38,93.94,94.44
Trevor Robinson,7375,C,CIN,1,0,7,45.0,0,5,31,100.0,100.0,91.9,0,5,0,33,33,31.6,0,2,5,100.0,100.0,80.0,2,0,6,6,84.85,66.67
Clay Harbor,5648,TE,JAX,16,1,15,74.8,1,0,29,13.6,14.1,98.3,1,1,0,32,227,67.6,1,0,7,10.1,9.1,92.9,1,0,7,77,96.88,85.71
Alvin Bailey,8071,T,SEA,7,0,29,86.7,0,0,31,100.0,100.0,100.0,0,0,0,32,32,81.8,0,0,7,100.0,100.0,100.0,0,0,7,7,100.0,100.0
Justin Forsett,4547,HB,JAX,9,0,15,79.2,0,1,32,36.8,35.2,95.3,0,2,1,32,91,72.1,0,1,21,40.4,39.6,92.9,2,1,21,53,93.75,90.48
Bruce Miller,6363,FB,SF,14,0,28,64.2,0,0,31,15.0,14.7,100.0,1,0,0,32,217,81.0,0,0,5,9.3,8.9,100.0,0,0,5,56,100.0,100.0
James Starks,5716,HB,GB,13,0,12,61.4,1,2,30,25.4,25.2,95.0,0,3,0,31,123,36.8,1,1,9,31.0,33.3,88.9,2,0,10,30,90.32,80.0
Antonio Gates,1609,TE,SD,16,0,27,69.0,0,0,29,5.0,5.0,96.6,1,1,1,31,618,51.3,0,0,9,2.7,2.8,88.9,1,1,10,355,96.77,90.0
Tim Wright,8392,TE,TB,16,0,30,64.4,0,2,29,7.0,7.0,96.6,0,2,0,31,441,59.6,0,1,8,3.1,3.2,93.7,1,0,9,278,93.55,88.89
Vance McDonald,7836,TE,SF,15,0,28,60.4,1,0,29,13.3,13.6,98.3,1,1,0,31,228,58.1,1,0,10,11.9,11.5,95.0,1,0,10,87,96.77,90.0
Darrel Young,5438,FB,WAS,13,0,32,78.9,0,1,28,36.8,37.8,98.2,0,1,0,31,82,72.4,0,0,1,9.1,8.3,100.0,0,0,1,12,96.77,100.0
Jackie Battle,3885,HB,TEN,10,0,31,89.8,0,1,30,44.8,43.5,98.3,0,1,0,30,69,86.4,0,1,19,46.3,46.3,97.4,1,0,19,41,96.67,94.74
Allen Reisner,6493,TE,JAX,5,0,15,63.0,1,0,27,20.0,21.0,98.1,0,1,0,30,143,59.3,0,0,8,16.0,17.0,100.0,0,0,9,53,96.67,100.0
Rob Gronkowski,5567,TE,NE,7,1,19,69.9,1,0,26,10.8,11.2,98.1,2,1,0,29,258,43.4,1,0,4,3.6,4.1,87.5,1,0,5,122,96.55,80.0
Bear Pascoe,5108,TE,NYG,16,0,21,57.4,0,1,29,22.1,21.6,94.8,0,2,1,29,134,33.2,0,1,11,17.2,16.4,86.4,2,1,11,67,93.1,81.82
Jimmy Graham,5619,TE,NO,16,0,20,66.5,0,1,27,4.8,4.9,94.4,2,2,1,29,593,65.6,0,1,7,2.9,2.8,92.9,1,0,7,252,93.1,85.71
Scott Chandler,3745,TE,BUF,16,0,4,38.8,1,1,27,5.2,5.1,92.6,2,3,1,28,549,80.0,0,0,4,1.6,1.5,100.0,0,0,4,273,89.29,100.0
Luke Willson,7940,TE,SEA,16,0,29,63.8,0,4,26,12.8,13.0,92.3,1,4,0,28,216,31.6,0,1,4,6.3,7.0,87.5,1,0,5,71,85.71,80.0
Josh Hill,8200,TE,NO,11,0,20,79.9,0,0,26,29.5,28.7,100.0,0,0,0,27,94,76.5,0,0,4,18.2,17.4,100.0,0,0,4,23,100.0,100.0
Matt Asiata,6432,HB,MIN,3,0,18,50.1,0,1,25,39.1,40.3,86.0,0,4,3,27,67,36.7,0,1,9,40.9,39.1,83.3,2,1,9,23,85.19,77.78
David Wilson,7036,HB,NYG,5,0,21,58.2,0,0,23,39.0,40.6,95.7,0,1,1,26,64,82.6,0,0,15,42.9,45.0,100.0,0,0,18,40,96.15,100.0
Alex Smith,2288,TE,CIN,15,0,7,72.8,0,1,25,31.3,32.1,98.0,0,1,0,26,81,74.4,0,0,1,5.9,5.9,100.0,0,0,1,17,96.15,100.0
Anthony Sherman,6288,FB,KC,16,0,16,77.3,0,1,23,16.4,17.2,93.5,0,2,1,26,151,84.0,0,0,5,16.1,18.8,100.0,0,0,6,32,92.31,100.0
Jack Doyle,8520,TE,IND,12,0,14,81.8,0,0,26,32.9,31.7,100.0,0,0,0,26,82,79.6,0,0,6,28.6,25.0,100.0,0,0,6,24,100.0,100.0
Richard Brockel,6037,FB,CAR,13,0,5,52.8,1,4,24,46.2,47.2,89.6,0,5,0,25,53,27.6,1,0,3,27.3,27.3,83.3,1,0,3,11,80.0,66.67
Greg Jones II,1776,FB,HST,16,0,13,62.9,1,0,25,21.2,20.5,94.0,0,2,1,25,122,,0,0,0,0.0,0.0,,0,0,0,27,92.0,
Andre Ellington,7968,HB,ARZ,15,0,1,81.3,1,0,21,8.7,8.9,97.6,0,1,0,23,257,75.3,1,0,14,12.7,12.5,96.4,1,0,15,120,95.65,93.33
Rob Housler,6221,TE,ARZ,13,0,1,37.5,1,2,21,6.8,6.9,92.9,2,3,0,23,334,83.3,0,0,7,4.7,4.8,100.0,0,0,8,165,86.96,100.0
Ahmad Bradshaw,3866,HB,IND,3,0,14,89.0,1,0,19,35.8,39.0,97.4,0,1,0,23,59,86.3,0,0,6,30.0,34.8,100.0,0,0,8,23,95.65,100.0
Levine Toilolo,7915,TE,ATL,16,0,2,65.5,0,2,22,21.4,20.5,95.5,0,2,0,23,112,75.5,0,0,6,13.0,12.0,100.0,0,0,6,50,91.3,100.0
Mychal Rivera,7965,TE,OAK,16,1,23,73.5,0,1,22,6.1,6.0,97.7,4,1,0,23,382,81.3,0,0,11,6.0,5.7,100.0,0,0,11,193,95.65,100.0
Vernon Davis,2951,TE,SF,15,0,28,62.5,0,2,22,5.2,5.2,95.5,0,2,0,23,444,75.1,0,0,3,1.7,2.2,100.0,0,0,4,181,91.3,100.0
Taylor Thompson,7140,TE,TEN,15,0,31,83.1,0,0,20,22.2,22.9,100.0,0,0,0,22,96,78.8,0,0,3,8.6,10.5,100.0,0,0,4,38,100.0,100.0
Mike James,7970,HB,TB,6,0,30,81.4,0,1,21,27.3,25.0,97.6,0,1,0,22,88,82.4,0,0,5,12.5,12.2,100.0,0,0,6,49,95.45,100.0
Michael Egnew,7080,TE,MIA,16,0,17,72.0,0,2,22,21.2,20.4,95.5,0,2,0,22,108,48.4,0,2,5,14.3,13.5,80.0,2,0,5,37,90.91,60.0
Fred Davis,4362,TE,WAS,10,0,32,72.6,1,0,22,17.5,17.2,97.7,0,1,0,22,128,70.6,0,0,1,2.5,2.5,100.0,0,0,1,40,95.45,100.0
Joel Dreessen,2415,TE,DEN,9,0,10,80.2,0,0,20,26.7,26.6,100.0,0,0,0,21,79,71.9,0,0,2,9.1,8.3,100.0,0,0,2,24,100.0,100.0
John Conner,5662,FB,NYG,11,0,21,87.0,0,0,18,26.1,28.4,100.0,0,0,0,21,74,73.4,0,0,1,6.3,6.3,100.0,0,0,1,16,100.0,100.0
C.J. Spiller,5534,HB,BUF,15,0,4,23.4,3,3,20,12.1,12.3,80.0,0,7,1,21,171,20.4,2,1,9,15.0,14.5,72.2,4,1,9,62,66.67,55.56
Bryce Brown,7213,HB,PHI,16,0,24,75.7,1,0,17,17.7,20.4,97.1,0,1,0,21,103,69.6,1,0,13,27.1,28.8,96.2,1,0,15,52,95.24,93.33
David Paulson,7660,TE,PIT,8,0,25,79.4,0,0,20,17.4,17.5,100.0,0,0,0,21,120,78.5,0,0,5,9.3,10.3,100.0,0,0,6,58,100.0,100.0
Dennis Johnson,8070,HB,HST,8,1,13,48.6,0,3,20,29.0,28.6,87.5,1,4,1,20,70,42.8,0,3,10,33.3,32.3,85.0,3,0,10,31,80.0,70.0
Delanie Walker,3120,TE,TEN,15,0,31,49.3,0,0,19,3.8,3.8,94.7,3,1,1,20,526,77.6,0,0,4,1.4,1.4,100.0,0,0,4,290,95.0,100.0
Ryan Mathews,5537,HB,SD,15,0,27,59.9,0,2,20,13.3,12.7,90.0,0,3,1,20,158,43.7,0,2,11,15.3,14.3,81.8,3,1,11,77,85.0,72.73
Matt Spaeth,3693,TE,PIT,4,0,25,80.5,0,0,20,37.0,37.0,100.0,1,0,0,20,54,76.7,0,0,7,41.2,41.2,100.0,0,0,7,17,100.0,100.0
Michael Bush,3716,HB,CHI,14,0,6,66.9,1,1,19,31.7,32.8,94.7,0,2,0,20,61,77.0,0,1,10,41.7,44.0,95.0,1,0,11,25,90.0,90.91
Jonathan Dwyer,5711,HB,PIT,15,0,25,82.4,2,0,20,25.3,24.4,95.0,0,2,0,20,82,70.2,1,0,7,16.7,16.3,92.9,1,0,7,43,90.0,85.71
Jamize Olawale,7572,FB,OAK,15,0,23,80.3,0,1,17,24.3,26.0,97.1,0,1,0,19,73,76.4,0,0,1,7.7,13.3,100.0,0,0,2,15,94.74,100.0
Nate Byham,5705,TE,TB,4,0,30,67.0,0,0,18,37.5,38.0,100.0,0,0,0,19,50,75.7,0,0,4,23.5,22.2,100.0,0,0,4,18,100.0,100.0
Zach Ertz,7816,TE,PHI,16,0,24,76.1,1,0,19,7.2,6.8,97.4,0,1,0,19,280,80.0,0,0,4,2.6,2.4,100.0,0,0,4,164,94.74,100.0
Jordan Reed,7866,TE,WAS,9,0,32,74.7,0,1,19,7.8,7.5,97.4,0,1,0,19,253,,0,0,0,0.0,0.0,,0,0,0,96,94.74,
Jared Cook,5012,TE,SL,16,1,26,77.7,0,1,17,4.1,4.3,97.1,2,1,0,19,440,79.1,0,0,3,1.6,1.5,100.0,0,0,3,196,94.74,100.0
Luke Stocker,6256,TE,TB,2,0,30,31.8,0,2,16,31.4,32.1,87.5,0,3,1,18,56,58.5,0,1,3,15.0,19.0,83.3,1,0,4,21,83.33,75.0
John Phillips,5132,TE,SD,14,0,27,74.2,0,0,16,30.8,31.0,100.0,0,0,0,18,58,,0,0,0,0.0,0.0,,0,0,0,17,100.0,
Tashard Choice,4436,HB,IND,12,0,14,81.1,0,1,18,28.6,27.3,97.2,0,1,0,18,66,85.6,0,0,8,32.0,29.6,100.0,0,0,8,27,94.44,100.0
Steve Maneri,6028,TE,CHI,4,0,6,75.7,0,1,17,58.6,58.1,97.1,0,1,0,18,31,67.4,0,1,7,41.2,41.2,92.9,1,0,7,17,94.44,85.71
David Johnson,5165,TE,PIT,5,0,25,63.1,0,1,17,48.6,50.0,97.1,0,1,0,18,36,20.6,0,1,2,13.3,13.3,75.0,1,0,2,15,94.44,50.0
Benny Cunningham,8283,HB,SL,11,0,26,49.8,0,2,17,22.7,23.4,88.2,0,3,1,18,77,26.0,0,1,7,22.6,21.9,78.6,2,1,7,32,83.33,71.43
Tony Fiammetta,5052,FB,CHI,15,1,6,86.5,1,0,16,24.6,25.4,96.9,1,1,0,17,67,69.8,0,0,1,10.0,10.0,100.0,0,0,1,10,94.12,100.0
Knile Davis,7878,HB,KC,15,0,16,87.6,0,0,16,18.4,18.0,100.0,0,0,0,16,89,84.1,0,0,5,27.8,27.8,100.0,0,0,5,18,100.0,100.0
Jonathan Stewart,4327,HB,CAR,6,0,5,80.4,0,1,16,30.8,29.6,96.9,0,1,0,16,54,80.8,0,0,4,33.3,33.3,100.0,0,0,4,12,93.75,100.0
Vonta Leach,2100,FB,BLT,14,0,3,69.0,1,0,13,23.6,26.7,96.2,0,1,0,16,60,81.8,0,0,4,26.7,31.6,100.0,0,0,6,19,93.75,100.0
Kendall Hunter,6267,HB,SF,16,0,28,60.1,0,2,15,17.6,17.8,93.3,0,2,0,16,90,46.2,0,1,6,16.2,15.4,91.7,1,0,6,39,87.5,83.33
Dallas Clark,1340,TE,BLT,12,0,3,69.6,0,0,14,4.9,5.1,100.0,0,0,0,15,296,61.9,0,0,7,4.0,3.8,100.0,0,0,7,183,100.0,100.0
Patrick DiMarco,6997,FB,ATL,13,0,2,78.1,0,1,14,17.7,17.9,96.4,0,1,0,15,84,82.0,0,0,5,16.1,14.7,100.0,0,0,5,34,93.33,100.0
Fozzy Whittaker,8547,HB,CLV,10,0,8,71.3,1,2,14,11.1,11.5,89.3,0,3,0,15,131,84.0,0,0,6,8.0,7.8,100.0,0,0,6,77,80.0,100.0
Jeff Byers,5976,G,CAR,2,0,5,83.4,0,0,13,100.0,100.0,100.0,0,0,0,15,15,80.7,0,0,6,100.0,100.0,100.0,0,0,6,6,100.0,100.0
Adam Gettis,7138,G,WAS,2,0,32,84.1,0,1,14,100.0,100.0,96.4,0,1,0,15,15,83.6,0,1,10,100.0,100.0,95.0,1,0,11,11,93.33,90.91
Brandon Washington,7656,G,SL,1,0,26,31.6,0,2,12,100.0,100.0,91.7,0,2,0,14,14,78.9,0,0,4,100.0,100.0,100.0,0,0,5,5,85.71,100.0
Darren Sproles,2347,HB,NO,15,0,20,54.3,0,1,14,5.0,4.8,89.3,0,2,1,14,294,43.4,0,1,9,6.4,6.1,83.3,2,1,9,148,85.71,77.78
Geoff Hangartner,2386,G,CAR,7,0,5,38.5,0,3,14,100.0,100.0,89.3,0,3,0,14,14,26.6,0,2,7,100.0,100.0,85.7,2,0,7,7,78.57,71.43
Joseph Randle,7933,HB,DAL,6,0,9,28.8,1,2,13,22.8,23.0,80.8,0,4,1,14,61,20.7,1,1,9,25.7,23.7,77.8,3,1,9,38,71.43,66.67
Frank Summers,5093,FB,BUF,13,0,4,36.9,0,1,12,23.1,23.7,87.5,0,2,1,14,59,72.4,0,0,1,12.5,10.0,100.0,0,0,1,10,85.71,100.0
Isaiah Pead,7053,HB,SL,7,0,26,65.9,1,1,13,17.1,16.9,92.3,0,2,0,14,83,32.0,1,1,4,10.3,9.3,75.0,2,0,4,43,85.71,50.0
Ryan Taylor,6370,TE,GB,12,0,12,83.5,0,0,13,18.1,18.7,100.0,0,0,0,14,75,75.4,0,0,2,12.5,12.5,100.0,0,0,2,16,100.0,100.0
Mark Ingram II,6180,HB,NO,11,0,20,55.1,2,1,13,18.8,18.7,88.5,0,3,0,14,75,75.8,0,0,2,22.2,18.2,100.0,0,0,2,11,78.57,100.0
Ronnie Hillman,7069,HB,DEN,8,0,10,77.1,0,2,13,14.6,14.9,92.3,0,2,0,14,94,64.8,0,1,4,15.4,17.9,87.5,1,0,5,28,85.71,80.0
Vick Ballard,7162,HB,IND,1,0,14,86.4,0,0,12,50.0,50.0,100.0,0,0,0,13,26,83.1,0,0,6,66.7,66.7,100.0,0,0,6,9,100.0,100.0
Joseph Fauria,8478,TE,DET,16,0,11,49.2,1,1,12,6.5,6.6,91.7,2,2,0,13,196,72.5,0,0,2,2.2,2.1,100.0,0,0,2,95,84.62,100.0
Ladarius Green,7110,TE,SD,16,1,27,70.1,0,1,12,7.8,7.8,95.8,1,1,0,13,166,71.3,0,0,1,1.2,2.2,100.0,0,0,2,91,92.31,100.0
Nick Becton,8501,T,SD,1,0,27,70.3,0,1,12,100.0,100.0,95.8,1,1,0,13,13,65.6,0,1,9,100.0,100.0,94.4,1,0,10,10,92.31,90.0
Bobby Massie,7112,T,ARZ,4,0,1,52.4,0,2,12,100.0,100.0,91.7,0,2,0,13,13,73.8,0,0,2,100.0,100.0,100.0,0,0,2,2,84.62,100.0
Chase Ford,7528,TE,MIN,9,0,18,61.6,0,1,13,15.9,15.5,96.2,0,1,0,13,84,,0,0,0,0.0,0.0,,0,0,0,21,92.31,
Isaac Redman,5233,HB,PIT,3,0,25,77.4,0,0,13,32.5,31.0,92.3,0,1,1,13,42,70.0,0,0,7,35.0,33.3,85.7,1,1,7,21,92.31,85.71
Shonn Greene,4988,HB,TEN,10,0,31,59.1,1,1,11,17.2,18.8,90.9,0,2,0,13,69,51.8,1,1,8,25.8,29.4,87.5,2,0,10,34,84.62,80.0
Weslye Saunders,6496,TE,IND,6,0,14,84.4,0,0,11,15.7,16.2,100.0,0,0,0,12,74,78.8,0,0,4,11.4,10.8,100.0,0,0,4,37,100.0,100.0
James Casey,5076,TE,PHI,12,0,24,63.9,0,0,12,26.1,23.1,83.3,0,2,2,12,52,79.5,0,0,4,22.2,21.1,100.0,0,0,4,19,83.33,100.0
Dante Rosario,3771,TE,CHI,15,0,6,85.5,0,0,10,8.8,10.2,100.0,0,0,0,12,118,78.0,0,0,2,2.9,5.5,100.0,0,0,4,73,100.0,100.0
Johnathan Franklin,7907,HB,GB,5,0,12,82.9,0,0,10,25.0,28.6,100.0,0,0,0,12,42,72.4,0,0,1,8.3,8.3,100.0,0,0,1,12,100.0,100.0
Owen Daniels,3043,TE,HST,5,0,13,61.4,0,1,12,5.5,5.2,95.8,0,1,0,12,229,72.1,0,0,2,1.7,1.6,100.0,0,0,2,127,91.67,100.0
Zach Sudfeld,8313,TE,NYJ,13,0,22,78.2,0,0,12,12.6,12.2,100.0,0,0,0,12,98,72.0,0,0,2,4.7,4.3,100.0,0,0,2,46,100.0,100.0
Phillip Tanner,6420,HB,DAL,4,0,9,85.5,0,0,11,44.0,39.3,100.0,0,0,0,11,28,83.1,0,0,7,43.8,38.9,100.0,0,0,7,18,100.0,100.0
Kory Sperry,5369,TE,ARZ,5,0,1,49.1,2,0,11,55.0,55.0,90.9,0,2,0,11,20,9.2,1,0,1,33.3,33.3,50.0,1,0,1,3,81.82,0.0
Dylan Gandy,2346,G,DET,10,0,11,77.4,0,0,11,100.0,100.0,100.0,0,0,0,11,11,,0,0,0,,,,0,0,0,0,100.0,
Winston Justice,2984,T,DEN,2,0,10,73.0,1,0,11,100.0,100.0,95.5,0,1,0,11,11,64.4,1,0,5,100.0,100.0,90.0,1,0,5,5,90.91,80.0
Dennis Roland,3485,T,CIN,2,0,7,70.2,0,1,10,100.0,100.0,95.0,0,1,0,11,11,69.6,0,0,1,100.0,100.0,100.0,0,0,1,1,90.91,100.0
Daniel Kilgore,6315,C,SF,8,0,28,58.6,0,1,11,73.3,73.3,95.5,0,1,0,11,15,72.6,0,0,2,66.7,66.7,100.0,0,0,2,3,90.91,100.0
Zach Line,8420,FB,MIN,3,0,18,81.2,0,0,11,40.7,40.7,100.0,0,0,0,11,27,,0,0,0,0.0,0.0,,0,0,0,3,100.0,
Jake Ballard,5822,TE,ARZ,8,0,1,69.3,0,1,10,19.6,18.5,95.0,0,1,0,10,54,74.3,0,0,3,18.8,16.7,100.0,0,0,3,18,90.0,100.0
Kevin Brock,5328,TE,KC,4,0,16,53.8,0,1,9,31.0,31.3,94.4,0,1,0,10,32,69.3,0,0,1,12.5,12.5,100.0,0,0,1,8,90.0,100.0
Michael Robinson,3045,FB,SEA,9,0,29,84.7,0,0,8,22.9,26.3,100.0,0,0,0,10,38,81.4,0,0,3,50.0,55.6,100.0,0,0,5,9,100.0,100.0
Kellen Davis,4472,TE,SEA,13,0,29,77.0,0,0,10,20.0,19.6,100.0,0,0,0,10,51,,0,0,0,0.0,0.0,,0,0,0,7,100.0,
Niles Paul,6307,TE,WAS,10,0,32,82.5,0,0,10,18.2,18.2,100.0,0,0,0,10,55,,0,0,0,0.0,0.0,,0,0,0,10,100.0,
Kellen Winslow,1727,TE,NYJ,12,0,22,58.7,0,2,10,4.6,4.4,90.0,3,2,0,10,228,35.3,0,2,4,3.1,3.1,75.0,2,0,4,131,80.0,50.0
Edwin Baker,7231,HB,CLV,3,0,8,85.5,0,1,9,17.6,17.3,94.4,0,1,0,9,52,84.5,0,1,6,28.6,27.3,91.7,1,0,6,22,88.89,83.33
Garry Williams,5341,G,CAR,1,0,5,81.1,0,0,8,100.0,100.0,100.0,0,0,0,9,9,79.5,0,0,4,100.0,100.0,100.0,0,0,5,5,100.0,100.0
Derrick Coleman,7377,FB,SEA,10,0,29,67.1,0,0,9,25.0,23.1,88.9,0,1,1,9,39,51.9,0,0,3,60.0,60.0,66.7,1,1,3,5,88.89,66.67
Jah Reid,6237,G,BLT,4,0,3,81.2,0,0,9,81.8,81.8,100.0,0,0,0,9,11,77.4,0,0,3,100.0,100.0,100.0,0,0,3,3,100.0,100.0
Danny Noble,7445,TE,JAX,8,0,15,78.5,0,0,7,28.0,33.3,100.0,0,0,0,9,27,72.0,0,0,1,14.3,25.0,100.0,0,0,2,8,100.0,100.0
Dominique Jones,6988,TE,KC,7,0,16,45.0,0,0,8,17.4,18.0,87.5,0,1,1,9,50,74.4,0,0,1,6.3,5.9,100.0,0,0,1,17,88.89,100.0
Michael Palmer,5784,TE,PIT,10,0,25,75.9,0,0,8,53.3,56.3,100.0,0,0,0,9,16,,0,0,0,0.0,0.0,,0,0,0,1,100.0,
Will Johnson,7639,FB,PIT,14,0,25,80.9,0,0,9,15.3,14.5,100.0,0,0,0,9,62,,0,0,0,0.0,0.0,,0,0,0,19,100.0,
Cedric Peerman,5109,HB,CIN,3,0,7,84.9,0,0,8,57.1,57.1,100.0,0,0,0,8,14,83.5,0,0,5,62.5,62.5,100.0,0,0,5,8,100.0,100.0
Garrett Celek,7274,TE,SF,10,0,28,44.0,0,1,8,19.0,18.6,93.7,0,1,0,8,43,21.9,0,1,2,10.0,10.0,75.0,1,0,2,20,87.5,50.0
Henry Hynoski,6666,FB,NYG,3,0,21,83.1,0,0,6,50.0,57.1,100.0,0,0,0,8,14,72.4,0,0,1,33.3,33.3,100.0,0,0,1,3,100.0,100.0
Jermichael Finley,4405,TE,GB,6,0,12,28.9,0,1,7,4.4,4.8,78.6,0,2,1,8,168,67.7,0,0,2,4.1,3.6,100.0,0,0,2,56,75.0,100.0
Collin Mooney,7256,FB,TEN,8,0,31,28.4,0,1,8,26.7,25.8,81.2,0,2,1,8,31,42.8,0,0,2,66.7,50.0,50.0,1,1,2,4,75.0,50.0
Tyler Clutts,6124,FB,DAL,6,0,9,81.3,0,0,8,38.1,38.1,100.0,0,0,0,8,21,74.1,0,0,1,25.0,25.0,100.0,0,0,1,4,100.0,100.0
Brandon Bostick,7605,TE,GB,8,0,12,84.5,0,0,7,8.4,9.0,100.0,0,0,0,8,89,,0,0,0,0.0,0.0,,0,0,0,37,100.0,
Cyrus Gray,7655,HB,KC,11,0,16,44.2,0,0,7,17.5,16.3,85.7,0,1,1,7,43,24.4,0,0,3,21.4,20.0,66.7,1,1,3,15,85.71,66.67
Alshon Jeffery,7048,WR,CHI,16,2,6,89.4,0,0,7,1.2,1.1,100.0,2,0,0,7,637,,0,0,0,0.0,0.0,,0,0,0,330,100.0,
Gavin Escobar,7828,TE,DAL,16,0,9,75.6,0,0,7,5.5,5.3,100.0,0,0,0,7,132,71.7,0,0,1,1.6,1.5,100.0,0,0,1,65,100.0,100.0
Jonathan Grimes,7585,HB,HST,2,0,13,86.1,0,0,7,20.6,19.4,100.0,0,0,0,7,36,85.7,0,0,6,27.3,25.0,100.0,0,0,6,24,100.0,100.0
Leon Washington,3062,HB,TEN,1,0,31,66.0,0,1,7,53.8,53.8,92.9,0,1,0,7,13,27.6,0,1,1,33.3,33.3,50.0,1,0,1,3,85.71,0.0
Billy Bajema,2466,TE,BLT,4,0,3,75.5,0,0,7,43.8,43.8,100.0,0,0,0,7,16,,0,0,0,0.0,0.0,,0,0,0,1,100.0,
Joe Unga,8284,G,BUF,2,0,4,79.1,0,0,7,100.0,100.0,100.0,0,0,0,7,7,74.2,0,0,2,100.0,100.0,100.0,0,0,2,2,100.0,100.0
Lane Taylor,8365,G,GB,2,0,12,79.5,0,0,7,100.0,100.0,100.0,0,0,0,7,7,75.8,0,0,2,100.0,100.0,100.0,0,0,2,2,100.0,100.0
Will Tukuafu,7764,DI,SF,2,0,28,23.5,0,2,6,85.7,85.7,83.3,0,2,0,6,7,,0,0,0,,,,0,0,0,0,66.67,
Max Starks,1796,T,SL,1,0,26,69.0,0,1,6,100.0,100.0,91.7,0,1,0,6,6,62.3,0,1,4,100.0,100.0,87.5,1,0,4,4,83.33,75.0
Sam Young,5702,T,JAX,3,0,15,0.0,0,2,6,100.0,100.0,66.7,1,3,1,6,6,0.0,0,1,2,100.0,100.0,25.0,2,1,2,2,50.0,0.0
Jeremy Stewart,7534,HB,OAK,3,0,23,81.8,0,0,6,66.7,60.0,100.0,0,0,0,6,10,80.4,0,0,4,100.0,80.0,100.0,0,0,4,5,100.0,100.0
Joe Banyard,7361,HB,MIN,3,0,18,65.9,0,1,6,21.4,21.4,91.7,0,1,0,6,28,56.6,0,1,3,20.0,20.0,83.3,1,0,3,15,83.33,66.67
Larry Donnell,7638,TE,NYG,13,0,21,31.5,0,2,6,11.3,10.5,83.3,0,2,0,6,57,,0,0,0,0.0,0.0,,0,0,0,29,66.67,
D.J. Williams Jr.,6293,TE,NE,4,0,19,75.1,0,0,5,19.2,17.9,100.0,0,0,0,5,28,,0,0,0,0.0,0.0,,0,0,0,12,100.0,
Deji Karim,5703,HB,HST,2,0,13,66.5,0,1,5,21.7,21.7,90.0,0,1,0,5,23,66.5,0,1,5,38.5,38.5,90.0,1,0,5,13,80.0,80.0
Dennis Pitta,5638,TE,BLT,4,0,3,83.3,0,0,5,3.8,3.6,100.0,0,0,0,5,138,75.0,0,0,1,1.1,1.1,100.0,0,0,1,94,100.0,100.0
Antone Smith,5440,HB,ATL,6,0,2,61.8,0,1,5,26.3,26.3,90.0,0,1,0,5,19,76.9,0,0,2,33.3,33.3,100.0,0,0,2,6,80.0,100.0
Mike Goodson,5034,HB,NYJ,2,0,22,38.5,1,0,5,29.4,29.4,90.0,0,1,0,5,17,32.9,1,0,4,40.0,40.0,87.5,1,0,4,10,80.0,75.0
Jacob Tamme,4441,TE,DEN,13,0,10,78.8,0,0,4,2.6,3.1,100.0,0,0,0,5,163,,0,0,0,0.0,0.0,,0,0,0,63,100.0,
Le'Ron McClain,3753,FB,SD,10,0,27,83.4,0,0,5,33.3,31.3,100.0,0,0,0,5,16,75.7,0,0,1,25.0,25.0,100.0,0,0,1,4,100.0,100.0
Khaled Holmes,7903,C,IND,2,0,14,78.1,0,0,5,100.0,100.0,100.0,0,0,0,5,5,74.5,0,0,2,100.0,100.0,100.0,0,0,2,2,100.0,100.0
Denard Robinson,7917,HB,JAX,12,0,15,79.6,0,0,4,16.0,17.9,100.0,0,0,0,5,28,,0,0,0,0.0,0.0,,0,0,0,4,100.0,
Kyle Adams,6556,TE,TB,6,0,30,74.2,0,0,5,17.9,16.7,100.0,0,0,0,5,30,69.7,0,0,1,8.3,7.1,100.0,0,0,1,14,100.0,100.0
Will Yeatman,6480,T,MIA,2,0,17,75.1,0,0,5,100.0,100.0,100.0,0,0,0,5,5,69.7,0,0,1,100.0,100.0,100.0,0,0,1,1,100.0,100.0
Jermey Parnell,5426,T,DAL,3,0,9,24.9,0,0,3,100.0,100.0,100.0,1,0,0,4,4,0.0,0,0,0,,100.0,,0,0,1,1,100.0,100.0
Maurkice Pouncey,5543,C,PIT,1,0,25,76.3,0,0,4,100.0,100.0,100.0,0,0,0,4,4,71.9,0,0,1,100.0,100.0,100.0,0,0,1,1,100.0,100.0
Rashad Butler,3034,T,CLV,4,0,8,71.6,0,0,3,100.0,100.0,100.0,0,0,0,4,4,,0,0,0,,,,0,0,0,0,100.0,
Dwayne Allen,7066,TE,IND,1,0,14,73.0,0,0,4,28.6,26.7,100.0,0,0,0,4,15,,0,0,0,0.0,0.0,,0,0,0,2,100.0,
Alex Green,6248,HB,NYJ,7,0,22,78.5,0,0,3,15.0,18.2,100.0,0,0,0,4,22,72.4,0,0,1,7.7,7.1,100.0,0,0,1,14,100.0,100.0
Orson Charles,7116,FB,CIN,3,0,7,75.6,0,0,4,26.7,25.0,100.0,0,0,0,4,16,68.4,0,0,1,50.0,50.0,100.0,0,0,1,2,100.0,100.0
Stephen Goodin,7723,G,NYG,1,0,21,79.6,0,0,4,100.0,100.0,100.0,0,0,0,4,4,74.0,0,0,1,100.0,100.0,100.0,0,0,1,1,100.0,100.0
Mike McNeill,6787,TE,SL,6,0,26,75.4,0,0,4,57.1,57.1,100.0,0,0,0,4,7,,0,0,0,0.0,0.0,,0,0,0,1,100.0,
Danny Watkins,6175,G,MIA,1,0,17,77.9,0,0,4,100.0,100.0,100.0,0,0,0,4,4,70.6,0,0,1,100.0,100.0,100.0,0,0,1,1,100.0,100.0
Michael Floyd,7019,WR,ARZ,16,0,1,48.6,0,2,4,0.7,0.7,75.0,2,2,0,4,602,,0,0,0,0.0,0.0,,0,0,0,295,50.0,
Michael Cox,8036,HB,NYG,3,0,21,78.2,0,0,3,21.4,21.4,100.0,0,0,0,3,14,,0,0,0,0.0,0.0,,0,0,0,4,100.0,
Rod Streater,7416,WR,OAK,16,1,23,76.8,0,0,3,0.6,0.6,100.0,3,0,0,3,518,,0,0,0,0.0,0.0,,0,0,0,234,100.0,
Drew Davis,6525,WR,ATL,16,0,2,82.7,0,0,3,1.3,1.2,100.0,0,0,0,3,250,,0,0,0,0.0,0.0,,0,0,0,126,100.0,
Chris Polk,7532,HB,PHI,7,0,24,77.6,0,0,3,12.0,12.0,100.0,0,0,0,3,25,75.0,0,0,1,6.3,6.3,100.0,0,0,1,16,100.0,100.0
Bradie Ewing,7150,FB,ATL,2,0,2,77.4,0,0,3,60.0,60.0,100.0,0,0,0,3,5,,0,0,0,,,,0,0,0,0,100.0,
LaRod Stephens-Howling,5164,HB,PIT,1,0,25,25.2,0,0,3,33.3,33.3,66.7,0,1,1,3,9,6.1,0,0,1,33.3,33.3,0.0,1,1,1,3,66.67,0.0
Julian Edelman,5156,WR,NE,16,1,19,68.9,0,0,3,0.5,0.5,100.0,1,0,0,3,632,67.1,0,0,2,0.8,0.8,100.0,0,0,2,263,100.0,100.0
Khiry Robinson,8514,HB,NO,5,0,20,81.3,0,0,3,33.3,33.3,100.0,0,0,0,3,9,,0,0,0,0.0,0.0,,0,0,0,1,100.0,
Josh Morgan,4488,WR,WAS,14,0,32,72.6,0,1,3,1.6,1.5,83.3,1,1,0,3,197,,0,0,0,0.0,0.0,,0,0,0,53,66.67,
Konrad Reuland,6469,TE,NYJ,4,0,22,50.4,0,0,3,25.0,25.0,100.0,0,0,0,3,12,,0,0,0,0.0,0.0,,0,0,0,4,100.0,
Derek Sherrod,6184,T,GB,1,0,12,72.5,0,1,3,100.0,100.0,83.3,0,1,0,3,3,,0,0,0,,,,0,0,0,0,66.67,
Miles Austin,3211,WR,DAL,11,0,9,84.2,0,0,3,0.9,0.9,100.0,1,0,0,3,345,,0,0,0,0.0,0.0,,0,0,0,165,100.0,
Austin Pettis,6230,WR,SL,16,0,26,49.8,1,0,3,0.8,0.8,83.3,1,1,0,3,399,,0,0,0,0.0,0.0,,0,0,0,180,66.67,
Chris Gragg,8004,TE,BUF,6,0,4,73.3,0,0,2,9.1,12.0,100.0,0,0,0,3,25,,0,0,0,0.0,0.0,,0,0,0,8,100.0,
Jerricho Cotchery,1829,WR,PIT,16,0,25,77.1,0,0,3,0.7,0.7,100.0,0,0,0,3,457,,0,0,0,0.0,0.0,,0,0,0,227,100.0,
Michael Hill,8302,HB,TB,1,0,30,79.7,0,0,2,25.0,33.3,100.0,0,0,0,3,9,77.9,0,0,1,20.0,33.3,100.0,0,0,2,6,100.0,100.0
David Arkin,6262,G,MIA,1,0,17,74.9,0,0,3,100.0,100.0,100.0,0,0,0,3,3,74.2,0,0,2,100.0,100.0,100.0,0,0,2,2,100.0,100.0
Andre Roberts,5612,WR,ARZ,16,0,1,78.1,0,0,3,0.7,0.7,100.0,1,0,0,3,430,,0,0,0,0.0,0.0,,0,0,0,224,100.0,
Shaun Draughn,6440,HB,BLT,1,0,3,77.4,0,0,1,25.0,40.0,100.0,0,0,0,2,5,75.7,0,0,0,0.0,33.3,,0,0,1,3,100.0,100.0
Carson Palmer,1317,QB,ARZ,16,1,1,78.0,0,0,1,0.2,0.3,100.0,3,0,0,2,658,,0,0,0,0.0,0.0,,0,0,0,307,100.0,
Steve Vallos,3848,C,DEN,1,0,10,71.1,0,0,2,100.0,100.0,100.0,0,0,0,2,2,,0,0,0,,,,0,0,0,0,100.0,
Mohamed Sanu,7084,WR,CIN,16,0,7,68.2,0,0,2,0.4,0.4,100.0,1,0,0,2,485,,0,0,0,0.0,0.0,,0,0,0,188,100.0,
Ben Roethlisberger,1732,QB,PIT,16,0,25,79.9,0,0,2,0.3,0.3,100.0,1,0,0,2,665,62.2,0,0,1,0.3,0.3,100.0,0,0,1,309,100.0,100.0
Keavon Milton,8250,TE,CLV,2,0,8,71.3,0,0,2,100.0,100.0,100.0,0,0,0,2,2,,0,0,0,,,,0,0,0,0,100.0,
Lance Dunbar,7332,HB,DAL,8,0,9,40.4,0,1,2,10.0,10.0,75.0,0,1,0,2,20,75.0,0,0,1,11.1,11.1,100.0,0,0,1,9,50.0,100.0
Anthony Dixon,5696,HB,SF,4,0,28,74.5,0,0,2,15.4,15.4,100.0,0,0,0,2,13,,0,0,0,0.0,0.0,,0,0,0,3,100.0,
Nick Kasa,7954,TE,OAK,9,0,23,71.3,0,0,2,4.3,4.3,100.0,0,0,0,2,46,,0,0,0,0.0,0.0,,0,0,0,27,100.0,
MarQueis Gray,8286,TE,CLV,9,0,8,74.4,0,0,1,1.9,3.7,100.0,0,0,0,2,54,,0,0,0,0.0,0.0,,0,0,0,25,100.0,
Richard Gordon,6333,TE,KC,1,0,16,0.8,0,1,2,33.3,28.6,75.0,0,1,0,2,7,,0,0,0,0.0,0.0,,0,0,0,3,50.0,
Caleb Schlauderaff,6331,G,NYJ,1,0,22,71.6,0,0,2,100.0,100.0,100.0,0,0,0,2,2,71.6,0,0,2,100.0,100.0,100.0,0,0,2,2,100.0,100.0
Harry Douglas,4398,WR,ATL,16,0,2,67.8,0,0,2,0.3,0.3,100.0,1,0,0,2,681,,0,0,0,0.0,0.0,,0,0,0,351,100.0,
Andrew Economos,2575,LS,TB,2,0,30,96.7,0,0,2,100.0,100.0,100.0,0,0,0,2,2,,0,0,0,,,,0,0,0,0,100.0,
Dorin Dickerson,5750,TE,DET,4,0,11,23.1,0,1,2,14.3,13.3,75.0,0,1,0,2,15,8.6,0,1,1,14.3,14.3,50.0,1,0,1,7,50.0,0.0
Brandon Marshall,3064,WR,CHI,16,1,6,55.9,0,1,2,0.3,0.3,75.0,2,1,0,2,641,,0,0,0,0.0,0.0,,0,0,0,332,50.0,
Mike Glennon,7854,QB,TB,13,1,30,79.9,0,0,2,0.4,0.4,100.0,3,0,0,2,505,,0,0,0,0.0,0.0,,0,0,0,288,100.0,
Leonard Hankerson,6231,WR,WAS,10,0,32,72.4,0,0,2,0.7,0.7,100.0,0,0,0,2,280,,0,0,0,0.0,0.0,,0,0,0,116,100.0,
Joe Webb III,5722,WR,MIN,16,0,18,70.8,0,0,2,1.9,1.8,100.0,0,0,0,2,112,,0,0,0,0.0,0.0,,0,0,0,39,100.0,
Andre Smith,6571,TE,CLV,4,0,8,72.5,0,0,2,33.3,33.3,100.0,0,0,0,2,6,,0,0,0,0.0,0.0,,0,0,0,1,100.0,
Mike Person,6391,T,SL,1,0,26,72.7,0,0,2,100.0,100.0,100.0,0,0,0,2,2,,0,0,0,,,,0,0,0,0,100.0,
Spencer Larsen,4497,FB,TB,4,0,30,77.9,0,0,2,50.0,50.0,100.0,0,0,0,2,4,72.4,0,0,1,33.3,33.3,100.0,0,0,1,3,100.0,100.0
Mitch Unrein,6031,DI,DEN,2,0,10,10.6,0,1,2,66.7,50.0,75.0,0,1,0,2,4,,0,0,0,,,,0,0,0,0,50.0,
Thomas Welch,5731,T,BUF,3,0,4,68.2,0,0,2,66.7,66.7,100.0,0,0,0,2,3,,0,0,0,,,,0,0,0,0,100.0,
Justice Cunningham,8037,TE,IND,1,0,14,73.7,0,0,1,25.0,33.3,100.0,0,0,0,2,6,,0,0,0,0.0,0.0,,0,0,0,3,100.0,
Evan Royster,6329,HB,WAS,2,0,32,74.4,0,0,2,50.0,50.0,100.0,0,0,0,2,4,73.4,0,0,1,100.0,100.0,100.0,0,0,1,1,100.0,100.0
John Moffitt,6227,G,DEN,1,0,10,70.9,0,0,2,100.0,100.0,100.0,0,0,0,2,2,,0,0,0,,,,0,0,0,0,100.0,
Eugene Sims,5712,ED,SL,1,0,26,60.6,0,0,1,100.0,100.0,100.0,4,0,0,1,1,60.6,0,0,1,100.0,100.0,100.0,0,0,1,1,100.0,100.0
Domata Peko Sr.,3068,DI,CIN,5,0,7,71.3,0,0,1,20.0,20.0,100.0,1,0,0,1,5,,0,0,0,,,,0,0,0,0,100.0,
Dwayne Harris,6328,WR,DAL,9,0,9,68.8,0,0,1,1.2,1.1,100.0,0,0,0,1,94,,0,0,0,0.0,0.0,,0,0,0,58,100.0,
Shelton Johnson,8527,S,OAK,1,0,23,62.1,0,0,1,100.0,100.0,100.0,0,0,0,1,1,,0,0,0,,,,0,0,0,0,100.0,
Eric Decker,5611,WR,DEN,16,0,10,66.2,0,0,1,0.2,0.1,100.0,3,0,0,1,676,,0,0,0,0.0,0.0,,0,0,0,230,100.0,
Jaiquawn Jarrett,6206,S,NYJ,1,0,22,62.1,0,0,1,100.0,100.0,100.0,0,0,0,1,1,,0,0,0,,,,0,0,0,0,100.0,
Jake McQuaide,6586,LS,SL,1,0,26,60.3,0,0,1,100.0,100.0,100.0,0,0,0,1,1,60.3,0,0,1,100.0,100.0,100.0,0,0,1,1,100.0,100.0
Reggie Wayne,800,WR,IND,7,0,14,70.2,0,0,1,0.4,0.4,100.0,1,0,0,1,274,,0,0,0,0.0,0.0,,0,0,0,117,100.0,
Derek Carrier,7406,TE,SF,4,0,28,66.6,0,0,1,6.7,6.3,100.0,0,0,0,1,16,,0,0,0,0.0,0.0,,0,0,0,8,100.0,
Mike Gillislee,7946,HB,MIA,1,0,17,68.5,0,0,1,33.3,33.3,100.0,0,0,0,1,3,,0,0,0,,,,0,0,0,0,100.0,
Kellen Clemens,2994,QB,SL,10,0,26,61.3,0,0,1,0.4,0.3,100.0,0,0,0,1,292,,0,0,0,0.0,0.0,,0,0,0,126,100.0,
Stevenson Sylvester,5689,LB,PIT,1,0,25,,0,0,1,100.0,100.0,100.0,0,0,0,1,1,,0,0,0,,,,0,0,0,0,100.0,
Kenjon Barner,7963,HB,CAR,5,0,5,73.4,0,0,1,10.0,10.0,100.0,0,0,0,1,10,,0,0,0,0.0,0.0,,0,0,0,3,100.0,
Haloti Ngata,2957,DI,BLT,1,0,3,69.0,0,0,1,100.0,100.0,100.0,2,0,0,1,1,,0,0,0,,,,0,0,0,0,100.0,
Greg Warren,2831,LS,PIT,1,0,25,,0,0,1,100.0,100.0,100.0,0,0,0,1,1,,0,0,0,,,,0,0,0,0,100.0,
Theo Riddick,7980,HB,DET,11,0,11,62.7,0,0,1,3.0,2.9,100.0,0,0,0,1,34,,0,0,0,0.0,0.0,,0,0,0,6,100.0,
Jon Condo,2539,LS,OAK,1,0,23,60.8,0,0,1,100.0,100.0,100.0,0,0,0,1,1,,0,0,0,,,,0,0,0,0,100.0,
Matt Giordano,2352,S,SL,1,0,26,60.9,0,0,1,100.0,100.0,100.0,0,0,0,1,1,60.9,0,0,1,100.0,100.0,100.0,0,0,1,1,100.0,100.0
Robert Hughes,6564,FB,IND,1,0,14,63.1,0,0,1,25.0,25.0,100.0,0,0,0,1,4,,0,0,0,,,,0,0,0,0,100.0,
Jerrel Jernigan,6235,WR,NYG,15,0,21,68.5,0,0,1,0.7,0.6,100.0,0,0,0,1,154,,0,0,0,0.0,0.0,,0,0,0,93,100.0,
Daren Bates,8077,LB,SL,1,0,26,60.6,0,0,1,100.0,100.0,100.0,0,0,0,1,1,60.6,0,0,1,100.0,100.0,100.0,0,0,1,1,100.0,100.0
Chris Carter,6314,ED,PIT,1,0,25,,0,0,1,100.0,100.0,100.0,0,0,0,1,1,,0,0,0,,,,0,0,0,0,100.0,
Jarrett Boykin,7363,WR,GB,14,0,12,62.4,0,0,1,0.2,0.2,100.0,0,0,0,1,437,,0,0,0,0.0,0.0,,0,0,0,151,100.0,
Ray-Ray Armstrong,8271,LB,SL,1,0,26,60.6,0,0,1,100.0,100.0,100.0,0,0,0,1,1,60.6,0,0,1,100.0,100.0,100.0,0,0,1,1,100.0,100.0
Demario Davis,7079,LB,NYJ,1,0,22,61.5,0,0,1,100.0,100.0,100.0,2,0,0,1,1,,0,0,0,,,,0,0,0,0,100.0,
Kaelin Burnett,7405,LB,OAK,1,0,23,61.5,0,0,1,100.0,100.0,100.0,0,0,0,1,1,,0,0,0,,,,0,0,0,0,100.0,
Christian Yount,6527,LS,CLV,1,0,8,,0,0,1,100.0,100.0,100.0,0,0,0,1,1,,0,0,0,,,,0,0,0,0,100.0,
Jack Cornell,7504,G,OAK,1,0,23,64.7,0,0,1,100.0,100.0,100.0,0,0,0,1,1,,0,0,0,,,,0,0,0,0,100.0,
Tanner Purdum,5508,LS,NYJ,1,0,22,60.8,0,0,1,100.0,100.0,100.0,0,0,0,1,1,,0,0,0,,,,0,0,0,0,100.0,
LaMichael James,7063,HB,SF,6,0,28,73.4,0,0,1,7.1,7.1,100.0,0,0,0,1,14,73.4,0,0,1,16.7,16.7,100.0,0,0,1,6,100.0,100.0
Ryan Robinson,8363,ED,OAK,1,0,23,61.5,0,0,1,100.0,100.0,100.0,0,0,0,1,1,,0,0,0,,,,0,0,0,0,100.0,
Tom Compton,7181,T,WAS,2,0,32,72.4,0,0,1,50.0,50.0,100.0,0,0,0,1,2,,0,0,0,,,,0,0,0,0,100.0,
Julian Talley,7501,WR,NYG,2,0,21,71.7,0,0,1,10.0,10.0,100.0,0,0,0,1,10,71.7,0,0,1,16.7,16.7,100.0,0,0,1,6,100.0,100.0
Ryan Quigley,7573,P,NYJ,1,0,22,62.1,0,0,1,100.0,100.0,100.0,0,0,0,1,1,,0,0,0,,,,0,0,0,0,100.0,
Dan Herron,7179,HB,IND,1,0,14,69.8,0,0,1,20.0,20.0,100.0,0,0,0,1,5,,0,0,0,0.0,0.0,,0,0,0,1,100.0,
Drew Nowak,7369,G,JAX,1,0,15,71.0,0,0,1,100.0,100.0,100.0,0,0,0,1,1,,0,0,0,,,,0,0,0,0,100.0,
Justin Drescher,6117,LS,NO,1,1,20,0.0,0,1,1,100.0,100.0,50.0,1,1,0,1,1,,0,0,0,,,,0,0,0,0,0.0,
Jason Worilds,5577,ED,PIT,1,0,25,,0,0,1,100.0,100.0,100.0,1,0,0,1,1,,0,0,0,,,,0,0,0,0,100.0,
Miles Burris,7129,LB,OAK,1,0,23,61.5,0,0,1,100.0,100.0,100.0,1,0,0,1,1,,0,0,0,,,,0,0,0,0,100.0,
Damian Williams,5601,WR,TEN,9,0,31,70.2,0,0,1,0.8,0.7,100.0,0,0,0,1,136,,0,0,0,0.0,0.0,,0,0,0,76,100.0,
Chase Reynolds,6892,HB,SL,1,0,26,60.9,0,0,1,100.0,100.0,100.0,0,0,0,1,1,60.9,0,0,1,100.0,100.0,100.0,0,0,1,1,100.0,100.0
Ray Graham,8380,HB,HST,1,0,13,72.4,0,0,1,20.0,20.0,100.0,0,0,0,1,5,,0,0,0,0.0,0.0,,0,0,0,3,100.0,
Kassim Osgood,1676,WR,SF,9,0,28,60.5,0,0,1,9.1,9.1,100.0,0,0,0,1,11,,0,0,0,0.0,0.0,,0,0,0,2,100.0,
Brad Smelley,7662,FB,HST,2,0,13,65.9,0,0,1,8.3,7.7,100.0,0,0,0,1,13,,0,0,0,0.0,0.0,,0,0,0,3,100.0,
Bernard Scott,5133,HB,BLT,2,0,3,73.0,0,0,1,12.5,12.5,100.0,0,0,0,1,8,,0,0,0,0.0,0.0,,0,0,0,3,100.0,
Jarius Wright,7118,WR,MIN,16,0,18,61.4,0,0,1,0.3,0.3,100.0,0,0,0,1,322,61.4,0,0,1,0.6,0.6,100.0,0,0,1,163,100.0,100.0
Rishard Matthews,7211,WR,MIA,16,0,17,61.6,0,0,1,0.3,0.3,100.0,0,0,0,1,378,,0,0,0,0.0,0.0,,0,0,0,187,100.0,
Jake Byrne,7440,TE,SD,1,0,27,65.7,0,0,0,,100.0,,1,0,0,1,1,,0,0,0,,,,0,0,0,0,100.0,
DeVier Posey,7070,WR,HST,12,0,13,61.6,0,0,1,0.6,0.6,100.0,0,0,0,1,172,,0,0,0,0.0,0.0,,0,0,0,93,100.0,
Quinn Johnson,5069,FB,TEN,4,0,31,69.2,0,0,1,11.1,11.1,100.0,0,0,0,1,9,,0,0,0,,,,0,0,0,0,100.0,
Brandian Ross,6755,S,OAK,1,1,23,62.1,0,0,1,100.0,100.0,100.0,2,0,0,1,1,,0,0,0,,,,0,0,0,0,100.0,
Danny Amendola,4717,WR,NE,12,0,19,61.4,0,0,1,0.3,0.2,100.0,2,0,0,1,401,,0,0,0,0.0,0.0,,0,0,0,182,100.0,
Davone Bess,4694,WR,CLV,14,1,8,67.6,0,0,1,0.2,0.2,100.0,1,0,0,1,447,,0,0,0,0.0,0.0,,0,0,0,299,100.0,
E.J. Manuel,7797,QB,BUF,10,0,4,61.3,0,0,0,0.0,0.3,,1,0,0,1,388,,0,0,0,0.0,0.0,,0,0,0,185,100.0,
Nate Burleson,1386,WR,DET,9,0,11,65.6,0,0,1,0.3,0.3,100.0,1,0,0,1,305,,0,0,0,0.0,0.0,,0,0,0,127,100.0,
Brian Folkerts,7435,C,CAR,1,0,5,68.0,0,0,1,100.0,100.0,100.0,0,0,0,1,1,,0,0,0,,,,0,0,0,0,100.0,
Nick Bellore,6515,LB,NYJ,1,0,22,61.5,0,0,1,100.0,100.0,100.0,0,0,0,1,1,,0,0,0,,,,0,0,0,0,100.0,
Earl Bennett,4384,WR,CHI,15,0,6,69.8,0,0,1,0.3,0.3,100.0,1,0,0,1,387,69.8,0,0,1,0.5,0.4,100.0,0,0,1,225,100.0,100.0
Chad Henne,4371,QB,JAX,15,0,15,62.2,0,0,1,0.2,0.2,100.0,3,0,0,1,580,62.2,0,0,1,0.5,0.5,100.0,0,0,1,219,100.0,100.0
Alameda Ta'amu,7109,DI,ARZ,1,1,1,68.5,0,0,1,100.0,100.0,100.0,1,0,0,1,1,,0,0,0,,,,0,0,0,0,100.0,
Will Witherspoon,1079,LB,SL,1,0,26,60.6,0,0,1,100.0,100.0,100.0,0,0,0,1,1,60.6,0,0,1,100.0,100.0,100.0,0,0,1,1,100.0,100.0
Julian Vandervelde,6313,C,PHI,1,0,24,70.2,0,0,1,100.0,100.0,100.0,0,0,0,1,1,70.2,0,0,1,100.0,100.0,100.0,0,0,1,1,100.0,100.0
Sidney Rice,3660,WR,SEA,8,0,29,61.6,0,0,1,0.5,0.5,100.0,2,0,0,1,213,,0,0,0,0.0,0.0,,0,0,0,82,100.0,
Terrance Williams,7855,WR,DAL,16,0,9,62.3,0,0,1,0.2,0.2,100.0,1,0,0,1,521,,0,0,0,0.0,0.0,,0,0,0,297,100.0,
Robert Meachem,3643,WR,NO,15,0,20,61.6,0,0,1,0.5,0.5,100.0,0,0,0,1,189,,0,0,0,0.0,0.0,,0,0,0,59,100.0,
Dwayne Bowe,3639,WR,KC,15,0,16,71.6,0,0,1,0.2,0.2,100.0,0,0,0,1,576,71.6,0,0,1,0.5,0.5,100.0,0,0,1,208,100.0,100.0
Garrett McIntyre,3598,ED,NYJ,1,0,22,61.5,0,0,1,100.0,100.0,100.0,1,0,0,1,1,,0,0,0,,,,0,0,0,0,100.0,
