player,position,seasons,career_snaps,career_pressures,career_war
Kevin Zeitler,G,13,7947,237,0.015527291329660096
Trent Williams,T,12,6141,259,0.014502703114726557
Andrew Whitworth,T,9,5171,174,0.013748543604091801
Zack Martin,G,11,6265,182,0.012956641865121854
Joel Bitonio,G,12,7289,252,0.012188441814538717
Jake Matthews,T,12,7810,380,0.012128060783076336
Taylor Moton,T,8,5152,201,0.011949975073455143
David Bakhtiari,T,9,5324,212,0.011737717006657255
Garett Bolles,T,9,5358,227,0.011638667085860383
Laremy Tunsil,T,8,4623,165,0.011561431116987255
Terron Armstead,T,11,4630,161,0.011304961031499205
Tyron Smith,T,10,5160,212,0.010557508248739281
Lane Johnson,T,13,6250,273,0.010462866574740475
Brian O'Neill,T,8,4753,195,0.009991728477268567
Rodney Hudson,C,10,5592,73,0.009907159772481838
Tristan Wirfs,T,6,3920,100,0.009707205778697369
Quenton Nelson,G,8,5044,160,0.009630525312948562
Joe Thuney,G,10,6768,241,0.009164182925108406
Brandon Scherff,G,10,5453,208,0.009082739701286357
Ryan Ramczyk,T,7,3742,156,0.00897528155075095
Andrew Norwell,G,9,5195,189,0.008481428059428767
Taylor Lewan,T,7,3240,132,0.008444827267270392
Dion Dawkins,T,9,5540,267,0.008384125450520995
Marshal Yanda,G,6,3838,93,0.008285680034826343
Joe Staley,T,7,3754,180,0.00823261393003777
Duane Brown,T,10,5331,259,0.008202995998107032
David DeCastro,G,8,5127,184,0.008165616473885123
Demar Dotson,T,7,3943,179,0.007950261745543105
Jason Kelce,C,11,7179,195,0.00788262761068527
Brandon Brooks,G,7,4350,142,0.007564871118299917
Penei Sewell,T,5,3199,130,0.007464581026130124
Joe Thomas,T,5,3149,124,0.007241163818835352
Josh Sitton,G,5,2899,55,0.007153433453547547
Jack Conklin,T,9,4074,205,0.006983520975088039
Kelechi Osemele,G,7,3372,97,0.0066918539956474935
Shaq Mason,G,10,5957,254,0.006633927832488287
Ryan Schraeder,T,6,3032,138,0.006623412722986921
Ali Marpet,G,6,3974,132,0.006567318698530276
Rodger Saffold,G,8,4489,189,0.006427123580343182
T.J. Lang,G,6,3146,90,0.006321198405710608
Corey Linsley,C,9,5370,125,0.00632118731150535
Trai Turner,G,9,4684,203,0.00627616594380235
Mitch Morse,C,10,5600,159,0.006198353991889922
Cordy Glenn,T,7,3126,161,0.006042024644851717
Morgan Moses,T,11,6464,347,0.005990387137536364
Chris Lindstrom,G,7,3962,173,0.005980998731451275
Damien Lewis,G,6,3515,135,0.0059438300117607154
Russell Okung,T,7,3236,186,0.005931151161408317
Elgton Jenkins,G,5,2892,92,0.005751394346890352
Kelvin Beachum,T,12,6710,354,0.005590714644029001
Richie Incognito,G,5,2559,78,0.005548986885879642
Larry Warford,G,7,4038,149,0.005478572851232073
Ben Powers,G,6,2990,104,0.005459407342226264
Jason Peters,T,9,4671,226,0.005406090540875807
Alex Mack,C,9,5668,174,0.005393278682534264
Creed Humphrey,C,5,3765,59,0.005381858274609455
Kevin Dotson,G,6,2887,90,0.005380431611615147
Jermaine Eluemunor,T,5,2553,113,0.005307270632860278
Quinn Meinerz,G,5,2847,91,0.005238700106992318
Ben Jones,C,8,4518,138,0.005194656139470854
John Jerry,G,5,3057,107,0.005183202805553073
Jared Veldheer,T,6,2894,159,0.005097396766933784
Travis Frederick,C,6,3699,92,0.005072855120775821
Donald Penn,T,6,3730,201,0.005001288258995283
J.C. Tretter,C,7,3799,83,0.004948468467836229
Orlando Brown Jr.,T,8,4842,272,0.004829381680501085
Will Hernandez,G,8,4071,193,0.004791873551333386
Justin Pugh,G,8,3627,162,0.004761186330873862
Max Unger,C,6,3213,69,0.00474043443301919
Dalton Risner,G,7,3637,163,0.004728519860910023
A.J. Cann,G,7,4311,209,0.004626660869703958
Marcus Cannon,T,7,2910,171,0.004589428385761192
Braden Smith,T,8,3962,214,0.00457795068664009
J.R. Sweezy,G,7,3781,187,0.004576715237809528
Ryan Kelly,C,10,4840,149,0.00454516501065683
Austin Corbett,G,6,2805,113,0.0044789582310253385
Alex Boone,G,5,2669,107,0.004412424478447959
Ted Karras,C,6,4247,108,0.004410096206153957
Zach Tom,T,4,1865,85,0.004357194213204627
Mitchell Schwartz,T,8,5016,256,0.004230075918262216
David Andrews,C,8,4477,149,0.004202601593515563
Matt Slauson,G,5,2000,65,0.004198146341509765
Rashawn Slater,T,3,2061,86,0.004171249824687044
Jawaan Taylor,T,7,4781,253,0.004163805638953912
Wyatt Teller,G,8,3922,167,0.004083227897026404
Christian Darrisaw,T,5,2175,101,0.004076205074340847
Mike Onwenu,G,4,2278,77,0.0040522227288716265
Erik McCoy,C,6,3061,75,0.003990054655046108
Michael Schofield III,G,6,2906,124,0.003973359856524315
Brandon Linder,C,6,2929,53,0.0039555025230536165
Trey Smith,G,5,3399,157,0.003867312120059312
Bernhard Raimann,T,4,2109,112,0.0038599328547125316
Ron Leary,G,6,2749,123,0.0037588383363469347
Louis Vasquez,G,3,1967,61,0.0037492510901858513
Ezra Cleveland,G,6,3549,180,0.0037406902990840285
James Daniels,G,5,2551,110,0.0037231404936307957
James Carpenter,G,8,4143,202,0.003708874226510841
John Simpson,G,5,2809,125,0.0036819501903319475
Charles Leno Jr.,T,9,5715,323,0.003676228078706107
Jermey Parnell,T,5,2650,169,0.0036741955041856146
Quinton Spain,G,7,3369,152,0.0036565119325681545
Graham Glasgow,G,6,3142,154,0.0036394380412385218
Ryan Jensen,C,5,3635,96,0.0036151928734644194
Robert Hunt,G,4,2367,93,0.003576924329735609
Laurent Duvernay-Tardif,G,6,2474,105,0.0035403530413031887
Maurkice Pouncey,C,6,3734,104,0.003455413988765061
Gabe Jackson,G,9,5073,220,0.0034426721095303443
Frank Ragnow,C,5,3030,78,0.003431977463712356
Andy Levitre,G,5,3010,132,0.003412552961487709
Kyle Long,G,6,2326,93,0.0034084683227896127
Cody Whitehair,G,4,2188,88,0.0033884005599315796
Laken Tomlinson,G,11,6539,336,0.0033826605055467234
Ja'Wuan James,T,5,2245,145,0.00334801864689976
Ramon Foster,G,7,4237,184,0.0033461760466665896
Oday Aboushi,G,8,2249,91,0.003321060486151487
Tyler Smith,G,3,1990,65,0.003282087442106147
Matt Feiler,G,4,2333,91,0.0032598810228670226
Luke Goedeke,T,3,1644,79,0.003256659085269883
Connor McGovern,G,6,2772,138,0.0031577299200260906
Zach Fulton,G,6,3146,159,0.003139320108786152
Logan Mankins,G,3,1931,79,0.003109648008580601
Cesar Ruiz,G,6,3153,129,0.0031065660412234195
Matt Paradis,C,7,4147,149,0.0030804579849048916
Tyler Biadasz,C,6,3411,107,0.00306859098902549
Wes Schweitzer,G,5,2597,117,0.00305152714718782
Justin Britt,C,5,2577,66,0.0030500768430395293
John Greco,G,4,2350,109,0.0029934756860441007
Kaleb McGary,T,6,3525,188,0.0029801225647100426
Sam Cosmi,G,3,1802,65,0.0029764083013769033
Ryan Kalil,C,7,3116,108,0.002965715041932024
Zion Johnson,G,4,2744,132,0.0029616192893493075
Paris Johnson Jr.,T,3,1765,99,0.0029600081022440623
Stefen Wisniewski,C,3,1961,40,0.00294863583230093
Eric Wood,C,5,2858,89,0.0029109162687668256
Mike Pouncey,C,6,2674,78,0.00290647420927177
Weston Richburg,C,5,2478,73,0.0028922381154601515
Max Garcia,G,6,2580,127,0.0028912548800983477
Nick Mangold,C,4,1995,46,0.002875046062606106
Connor McGovern,C,7,4225,155,0.002848814534293223
Alaric Jackson,T,3,1690,99,0.00284817472962626
Charles Cross,T,4,2421,161,0.0028402385664643395
Greg Van Roten,G,8,4330,206,0.002839209947731426
Mike Onwenu,T,2,991,37,0.0028357151227943016
Anthony Castonzo,T,8,4883,278,0.0028283762987595367
Evan Mathis,G,3,1461,52,0.002810245407504036
Chase Roullier,C,5,2465,65,0.0028059446147825134
David Edwards,G,5,2888,124,0.002777434779701407
Marcus Gilbert,T,6,2771,148,0.0027277065471221175
Trent Brown,T,9,3659,183,0.0027068251539124222
Connor Williams,G,4,2165,91,0.0027058961163061376
Ethan Pocic,C,6,3282,105,0.0026204908459771525
Dennis Kelly,T,5,1371,71,0.0026153081044092523
Ereck Flowers,G,3,1762,70,0.002606408774026773
Willie Colon,G,3,1400,52,0.0025719278158781093
Chris Hubbard,T,6,2337,163,0.0025428711143552813
Peter Skoronski,G,3,1876,83,0.0025359151661682004
Zach Strief,T,4,2803,140,0.002483959732525543
A.Q. Shipley,C,4,2414,63,0.002475235045562294
Chukwuma Okorafor,T,4,2323,101,0.0024736539791840296
Austin Reiter,C,4,1728,28,0.0024693167173661986
Chance Warmack,G,4,1984,101,0.0024006328354070783
Lane Taylor,G,4,2209,105,0.002384458756194148
Nick Martin,C,4,2602,76,0.002382779185596887
Kraig Urbik,G,3,1284,47,0.0023790920903427933
Alex Cappa,G,6,4274,196,0.0023789938608216117
D.J. Fluker,G,5,2257,117,0.0023329691788422737
Anton Harrison,T,3,1891,93,0.0023247451141630705
Steve Avila,G,3,1505,63,0.0023109731188419983
Nate Solder,T,7,4485,266,0.0022978198133761455
Sebastian Vollmer,T,3,1469,80,0.002239508433610221
Nate Davis,G,5,2243,128,0.0022231966113841813
Ben Grubbs,G,3,1783,82,0.0022217999699732497
Russell Bodine,C,5,2768,104,0.002184413335896646
Aaron Banks,G,4,1906,100,0.002177597234144803
James Hurst,G,2,1163,43,0.0021753788764272124
Rick Wagner,T,7,3862,222,0.0021122770078973903
Cody Whitehair,C,4,2386,73,0.002106420387271692
Lloyd Cushenberry III,C,6,3135,115,0.0021044597056405715
Austin Pasztor,T,3,1517,98,0.0020905044241817856
Clint Boling,G,6,3473,152,0.0020830215460825286
Cam Fleming,T,4,1673,99,0.002080850967815899
Taylor Decker,T,10,5619,313,0.002074838523824731
Teven Jenkins,G,4,1382,60,0.0020448735757071235
Ty Nsekhe,T,5,1122,64,0.0020391200542610927
Vladimir Ducasse,G,6,2063,112,0.002035547531204212
Andre James,C,4,2349,77,0.0020344820727735856
Mike Iupati,G,7,3333,162,0.002010759317563537
Lucas Patrick,G,4,1241,49,0.002004251625563815
Mike Remmers,T,6,2871,179,0.0019784194304220404
Trey Hopkins,C,4,2289,72,0.0019297872186573367
Roger Rosengarten,T,2,1024,57,0.001927796915143225
Cole Strange,G,3,1395,66,0.0019176272321706324
Hjalte Froholdt,C,4,2467,83,0.0019151438779786052
Matthew Bergeron,G,3,1769,94,0.0018925000892319477
Branden Albert,T,4,1730,79,0.0018865437274616667
Joe Alt,T,2,796,27,0.0018818287526525031
Justin Blalock,G,2,1401,60,0.0018816878007931067
Andrew Thomas,T,6,2836,142,0.0018808750271469743
Patrick Omameh,G,5,2204,120,0.0018806601692154348
Taliese Fuaga,T,2,1187,67,0.0018796116278007365
Isaac Seumalo,G,9,4018,192,0.0018775408167834616
Coleman Shelton,C,4,2508,91,0.0018574363305003537
Joe Barksdale,T,6,3059,203,0.0018533770290615923
Evan Brown,G,3,1639,76,0.0018504897249187714
Rob Sims,G,2,1399,62,0.0018309289728637556
Khalif Barnes,T,2,1139,66,0.0018242407215078365
Will Fries,G,3,1670,87,0.0018163602927091353
Jack Mewhort,G,4,2009,104,0.0018049370986999323
Jahri Evans,G,5,3245,125,0.0018048867180085555
Jake Brendel,C,4,2395,90,0.0017964816465223233
Amarius Mims,T,2,1254,68,0.0017896176956002075
Tyler Shatley,G,4,1213,50,0.0017892646575545903
Connor Williams,C,3,1383,32,0.0017855188539766407
Tyler Linderbaum,C,4,2244,83,0.0017761534272727423
Joe Berger,C,2,1088,27,0.0017744386901307114
Zach Frazier,C,2,1182,22,0.0017565264423076567
Aaron Brewer,C,3,1885,60,0.001741242850354218
Patrick Paul,T,2,807,40,0.001737788213588752
Jeff Allen,G,4,1781,100,0.0017350727275903379
Mason McCormick,G,2,1157,46,0.00173029839951891
Alijah Vera-Tucker,G,3,1588,74,0.0017298529060677608
Bradley Bozeman,C,5,3065,122,0.001724904446859776
Max Scharping,G,3,1330,59,0.0016899639673380801
Jesse Davis,T,3,2045,133,0.0016856945457691592
Cordell Volson,G,3,2121,119,0.00168216619409372
Nate Herbig,G,3,1272,55,0.001651022520560097
Robert Jones,G,3,1213,51,0.0016504577233602854
Orlando Franklin,T,1,661,24,0.0016288084649044216
Jon Feliciano,G,4,1478,74,0.0016253950917352786
Jordan Mailata,T,6,3198,176,0.0016037754636670954
Troy Fautanu,T,1,634,25,0.0015970173942883067
Jeremy Zuttah,C,4,2387,89,0.0015753284522238523
Jon Asamoah,G,2,1026,39,0.0015675702861156677
Patrick Mekari,T,3,983,54,0.0015567613145228596
Joe Hawley,C,4,1700,60,0.001552592952878895
Riley Reiff,T,10,5470,342,0.0015497346116722913
Luke Wattenberg,C,2,1156,21,0.001534553727349436
Josh Myers,C,5,2641,106,0.001534081397726651
Robert Hainsey,C,3,2064,72,0.0015167876934199377
Ryan Harris,T,3,1496,106,0.0015135592874032963
Chris Reed,G,3,1054,45,0.0014965614948808956
Daniel Kilgore,C,5,2252,81,0.0014960886717367303
Uche Nwaneri,G,1,689,27,0.001476222998318564
Geoff Schwartz,G,2,759,29,0.0014756186907053095
Daryn Colledge,G,2,1073,50,0.0014688985503439498
Evan Smith,C,3,1478,44,0.0014622180308803525
Stefen Wisniewski,G,3,1192,52,0.0014609952562881512
Kevin Boothe,G,1,638,25,0.0014238153947090835
Warren McClendon Jr.,T,2,626,26,0.0014225143414217244
Jordan Gross,T,1,578,29,0.0014125781575542492
Graham Glasgow,C,4,2248,88,0.001409128084646253
Joe Berger,G,2,1002,40,0.0013959606388078468
Dominic Raiola,C,2,1353,35,0.0013938066128853634
Manuel Ramirez,C,2,1407,37,0.0013848530410638547
Dominick Puni,G,2,1320,65,0.0013782847548050303
Nick Allegretti,G,4,1489,76,0.001367375113825488
Matt Skura,C,3,1353,44,0.0013672323629504847
Tyler Polumbus,T,2,1017,62,0.0013634568784484083
Roberto Garza,C,2,1178,27,0.0013600451599579141
Will Beatty,T,2,1317,91,0.0013022407526424482
Brandon Shell,T,6,2738,171,0.001297925819974434
Luke Fortner,C,3,1876,71,0.0012962016637027766
Abraham Lucas,T,4,1634,95,0.001289206153459732
Phil Loadholt,T,2,1047,69,0.0012771505499341235
Billy Price,C,3,1501,50,0.001267144934963185
Nick Easton,G,3,968,43,0.0012638804046246252
Dawand Jones,T,2,783,43,0.0012505073318846468
Armand Membou,T,1,639,33,0.0012448648350715343
Anthony Davis,T,2,788,50,0.0012434369423450756
Jesse Davis,G,2,1069,54,0.0012405438928545468
Daryl Williams,T,4,2243,121,0.0012346666629052835
Mark Glowinski,G,8,3841,236,0.0012318309369995402
Michael Ola,T,2,826,43,0.0012307127775672288
Garrett Bradbury,C,7,4110,184,0.0012200074397491776
Mekhi Becton,T,2,1056,73,0.001204712659059127
Kory Lichtensteiger,G,1,698,29,0.0012040936923994308
Jamon Brown,G,5,1816,109,0.0011869414036342423
Travelle Wharton,G,1,474,17,0.0011854257785875147
Brian De La Puente,C,2,1050,25,0.0011784207991960868
T.J. Bass,G,3,599,16,0.00117582855383281
Josh Kline,G,6,2763,137,0.001169549283552653
Garrett Reynolds,G,2,869,49,0.0011662266653768838
Greg Robinson,T,6,2633,180,0.0011638443656185275
Brady Christensen,G,1,533,17,0.0011617198093410502
JC Latham,T,2,1171,80,0.0011576772326661981
Ryan Neuzil,C,2,973,24,0.0011576596445085495
Germain Ifedi,G,2,1249,65,0.0011561504342559828
Jermon Bushrod,T,3,1477,111,0.001151881025514148
Jackson Powers-Johnson,G,2,843,33,0.0011339590323320024
Dillon Radunz,G,2,985,46,0.001129203193025631
Tim Barnes,C,2,1160,47,0.0011288524086397241
Tytus Howard,G,2,828,41,0.0011287521937500945
Evan Brown,C,2,1085,35,0.0011252380163888755
Will Montgomery,C,2,1044,26,0.001123322503147658
Kyle Long,T,1,605,37,0.0011201138918137965
Patrick Mekari,G,3,1233,65,0.0011183362294933281
Zane Beadles,G,6,3194,181,0.0011173481111295136
Tim Lelito,G,2,823,36,0.0011145803166382135
Tate Ratledge,G,1,648,24,0.0010942574482596555
Sam Mustipher,C,3,1549,58,0.0010909576801574113
Mike Person,C,2,795,23,0.0010908869835999616
Brandon Linder,G,1,597,15,0.001088300403066507
Jonah Williams,T,6,3132,175,0.001083715286371867
Matt Pryor,G,2,1181,59,0.0010715571934470924
Jamaree Salyer,G,2,929,50,0.0010595050249514347
Mike Brisiel,G,1,531,25,0.0010395996306064438
Lyle Sendlein,C,3,1919,83,0.0010345139232325175
Joe Tippmann,C,2,1290,43,0.0010316281250119252
Austin Howard,T,4,2161,130,0.0010309328991944173
Michael Jordan,G,5,2256,141,0.001030784018675574
Jonathan Cooper,G,2,829,42,0.0010295679618572717
Hugh Thornton,G,3,1482,92,0.0010265511303070483
Ted Karras,G,1,425,11,0.0009997057718789013
Scott Wells,C,2,1031,32,0.0009979598468963442
Travis Swanson,C,5,2256,99,0.0009977162041279412
Anthony Bradford,G,3,1371,84,0.0009876909456048453
Jake Long,T,2,763,52,0.0009804142959240706
Cooper Beebe,C,2,1176,34,0.0009799234766353173
Josh Wells,T,3,669,40,0.0009715311855735223
Chris Paul,G,2,842,43,0.0009545106156482762
Andrew Tiller,G,2,686,33,0.0009521698780542677
Nick Leverett,G,1,513,12,0.0009341294220579746
Michael Harris,G,1,558,27,0.0009209733051765691
Daniel Faalele,G,2,1113,62,0.0009208138810815614
Alex Bars,G,2,889,45,0.0009055026055340842
Trey Hopkins,G,1,437,15,0.0009054561144057297
Ronnie Stanley,T,9,4104,208,0.0008971449280292708
Chad Rinehart,G,2,1046,58,0.0008958662982763792
Geron Christian,T,3,1020,74,0.0008874589202975886
Mike Pollak,G,2,427,13,0.0008865793094252822
D.J. Humphries,T,7,3924,212,0.0008858906615570439
Ben Bartch,G,3,788,39,0.0008844339175955255
Cade Mays,C,2,756,21,0.0008832529120567213
Grey Zabel,G,1,553,24,0.0008754561565800481
Landon Dickerson,G,5,2687,142,0.0008747780454099452
Yosh Nijman,T,2,804,48,0.000870355909196148
Tony Pashos,T,1,435,26,0.0008692169760717191
Denzelle Good,G,4,1380,84,0.0008664593358193481
Phil Haynes,G,2,631,30,0.0008640990162104865
John Sullivan,C,4,2412,90,0.0008597123798257019
Will Campbell,T,1,476,26,0.0008591383934664241
Tyre Phillips,T,3,804,54,0.0008503663023421775
Brett Jones,C,1,605,10,0.0008442102788000649
Manuel Ramirez,G,1,351,8,0.0008409232200533517
Nick Hardwick,C,1,612,15,0.0008355909534792145
Liam Eichenberg,G,2,1053,56,0.0008290566858752464
Cody Wichmann,G,2,618,32,0.0008204096600689988
Austin Blythe,G,1,657,30,0.0008180527549873722
Brad Meester,C,1,688,19,0.0008133006098777824
Jake Andrews,C,1,656,14,0.0008055518429181787
Davin Joseph,G,2,1145,71,0.0008044927839891187
David Stewart,T,1,506,33,0.0007945880576866347
Tyler Shatley,C,3,1126,38,0.0007909160236072824
Tyler Booker,G,1,631,25,0.0007826286932019745
Kevin Pamphile,G,2,1111,63,0.0007798739182272071
Ben Jones,G,1,554,21,0.0007774914943420184
Jeromey Clary,G,1,586,34,0.0007762341441827821
Jordan Meredith,G,1,399,9,0.0007758361561088099
Samson Satele,C,2,1254,45,0.0007716041793533242
Dan Feeney,G,4,2036,130,0.0007619456891650383
Nick Gates,C,2,1088,37,0.0007607547165472961
Joe Tippmann,G,1,639,29,0.0007537848395335806
Ike Boettger,G,2,833,43,0.0007528242864108865
Doug Legursky,G,1,421,19,0.0007441733876443387
Rodger Saffold,T,1,289,14,0.0007405436452158425
Joe Dahl,G,2,685,31,0.0007272800273890991
Ryan Bates,G,1,615,28,0.000727115235541821
Tanor Bortolini,C,2,777,24,0.0007239756838281897
Darnell Wright,T,3,1946,100,0.0007087495058914219
Sam Cosmi,T,2,623,37,0.0007054086528293112
Chris Scott,G,1,278,10,0.0007040947208696426
Weston Richburg,G,1,620,25,0.0007016384198274365
Greg Mancz,C,1,670,18,0.0006992304249399035
Solomon Kindley,G,1,448,17,0.0006987902996682969
Cam Jurgens,C,2,1003,36,0.0006968279566092739
Jermon Bushrod,G,2,931,54,0.0006917082166113778
Lucas Patrick,C,2,1130,46,0.0006889823453398642
Kingsley Suamataia,G,1,724,35,0.0006887100384405181
Daryl Williams,G,1,778,40,0.0006862150625470974
Justin Murray,G,1,362,11,0.0006829249955860338
Tyrell Crosby,T,2,679,41,0.0006824770408795717
Evan Smith,G,1,449,16,0.0006766209543628256
Justin Pugh,T,3,1480,104,0.0006759882942763849
Charlie Johnson,G,2,1152,74,0.0006690924160781913
Juice Scruggs,G,2,500,24,0.000667793932927078
James Daniels,C,1,692,20,0.0006649924031981724
Ryan Groy,C,2,621,19,0.0006646755993400934
Jonathan Goodwin,C,2,1100,42,0.0006608011444715221
Isaiah Wynn,G,1,224,4,0.0006557649839731334
Sidy Sow,G,1,486,27,0.000650064581971337
Kory Lichtensteiger,C,2,882,31,0.0006482593260908331
Justin Britt,G,1,618,37,0.0006421170081755134
Eric Winston,T,2,805,66,0.000637843672835488
Forrest Lamp,G,1,729,38,0.0006378121110035303
A.Q. Shipley,G,1,443,22,0.0006361545960193511
Colton McKivitz,T,3,1883,115,0.0006308327808584774
Mike Person,G,2,1113,67,0.000629253952375173
Aaron Brewer,G,2,819,50,0.0006255211173461094
Matt Feiler,T,2,1063,51,0.0006219414450768624
Mackenzy Bernadeau,G,1,452,24,0.0006183900286881686
Justin McCray,G,2,719,40,0.0006180707533880283
Chris Myers,C,2,1295,52,0.0006173026064175156
Daniel Brunskill,T,1,233,9,0.0006150000434765611
Wesley Johnson,C,2,938,34,0.0006107764631366259
Ben Bredeson,G,5,2233,118,0.0006061346644563264
Brian Allen,C,3,1175,50,0.00060410148735049
Frank Ragnow,G,1,672,36,0.0006021118554210692
Robert Hunt,T,1,449,23,0.0005896535389522374
Sean Rhyan,G,1,502,24,0.0005880293386572444
La'el Collins,G,1,419,22,0.0005856995771627798
Zach Fulton,C,1,492,11,0.0005827084717522768
Kendrick Green,C,1,631,18,0.0005824078494268774
Kyle Cook,C,1,635,20,0.0005781167839316736
Jarrett Patterson,C,2,633,20,0.0005772581296455887
Brock Hoffman,G,1,286,6,0.0005751394214174794
Elgton Jenkins,T,1,306,12,0.0005746997307285554
Laremy Tunsil,G,1,454,23,0.0005703772041003709
Alex Redmond,G,2,885,53,0.0005676593463597806
Bradley Bozeman,G,2,1050,42,0.00056637255153915
Bryan Stork,C,2,801,30,0.0005632280824699197
Dylan Fairchild,G,1,629,31,0.0005583213815859784
J.D. Walton,C,1,680,20,0.000556459035391563
Jordan Simmons,G,1,401,17,0.0005554716169269732
Michael Deiter,C,2,780,30,0.0005551322833350688
Ryan Wendell,G,1,549,23,0.0005541206776050909
Dylan Cook,T,1,187,6,0.0005536404564704564
Michael Bowie,T,1,294,19,0.0005536293467356484
Chris Watt,G,1,315,9,0.0005480600735101655
Austin Howard,G,1,701,33,0.0005449317739227485
Jonotthan Harrison,C,4,1614,77,0.0005421208409278374
Jalen Sundell,C,1,407,11,0.0005420318882608645
Brent Qvale,T,2,396,28,0.0005318943987399164
Ozzy Trapilo,T,1,282,15,0.0005225403306269778
Harvey Dahl,G,1,342,19,0.000520806164356067
Jeremiah Sirles,T,1,486,37,0.0005199070056008248
Mike McGlynn,G,2,1046,69,0.0005149346369289682
Nick Gates,G,2,420,19,0.0005137489279576388
Joey Hunt,G,1,362,13,0.000512190107470044
Cole Van Lanen,T,1,352,22,0.000506181887911056
Andrew Wylie,G,4,1788,79,0.0005058514544346703
Trystan Colon,G,2,415,21,0.0005055414333851439
Nate Garner,G,1,278,11,0.0005006528299069668
John Michael Schmitz Jr.,C,3,1596,72,0.0004972126697770569
Corey Hilliard,T,1,280,16,0.00049595227697325
Andrew Vorhees,G,1,513,28,0.0004949985998892675
Tyler Larsen,G,2,418,21,0.0004929973088182089
Andrus Peat,T,3,1410,88,0.0004918270379207328
Pat Elflein,C,4,1630,76,0.0004883356824990288
Dillon Radunz,T,1,455,36,0.0004829937566748724
Erik Pears,G,1,663,33,0.00047534681417991687
Sean Harlow,G,1,260,8,0.00047486577427226077
Austin Blythe,C,3,1972,89,0.0004718300026943964
Patrick Lewis,C,1,351,13,0.0004706317154889183
Mike Remmers,G,1,705,42,0.00046339605260828056
Denzelle Good,T,2,346,25,0.00045946855000604883
Brian Waters,G,1,218,8,0.0004591835870229517
Wade Smith,G,1,607,41,0.0004555921149789446
Ben Ijalana,T,1,537,43,0.0004548993612895809
Lester Cotton,G,1,362,20,0.00045179342064383945
Kendall Lamm,T,3,1213,65,0.00044796104414326606
John Leglue,G,1,259,8,0.00044216677021356374
Cam Jurgens,G,1,383,22,0.0004372490021198204
Andrew Donnal,T,1,187,9,0.000428708127672462
Chris Hairston,T,2,732,61,0.00042337336400657954
Jon Feliciano,C,1,568,22,0.0004203009486140916
Tyson Clabo,T,1,635,52,0.0004199886505687745
Jason Spriggs,T,2,405,29,0.0004108640674692159
Cyrus Kouandjio,T,1,220,13,0.0004048514875100748
Jeremy Trueblood,T,1,436,33,0.0004003648458665607
Chuma Edoga,T,3,674,53,0.0003972020254017196
Luke Joeckel,G,2,611,35,0.0003942830134976417
Senio Kelemete,G,5,1824,89,0.00039110059207153315
Josh LeRibeus,C,1,435,20,0.0003891391658517452
Ryan Jensen,G,2,484,28,0.0003817425859352928
Graham Barton,C,2,1352,59,0.00037617563917078544
Ben Cleveland,G,1,235,8,0.00037336822920760397
B.J. Finney,G,1,183,5,0.0003709663117500973
Anthony Steen,C,1,266,7,0.0003707058205835579
Donovan Jackson,G,1,468,26,0.0003704636260082945
Todd Herremans,G,2,995,70,0.00036942617627341547
Scott Quessenberry,C,2,1029,47,0.00036872138952519587
Jackson Carman,G,1,277,13,0.0003602515514684498
Le'Raven Clark,T,1,235,14,0.00035947817280341203
Jon Halapio,G,1,247,10,0.0003535284025593028
Joe Reitz,T,2,907,80,0.00035341603618637427
Justin Herron,T,2,428,29,0.00035220327762849787
Guy Whimper,T,1,164,8,0.00034253899305495747
Josh Jones,G,1,497,29,0.00034110605020923026
Jake Fisher,T,1,223,16,0.00034018566666016025
Jermaine Eluemunor,G,1,178,5,0.0003392488582626069
Drew Nowak,C,1,261,10,0.0003371125349151919
Alex Palczewski,G,1,405,21,0.0003360743821063476
Matt Peart,T,1,272,15,0.0003352934584409456
Jordan Morgan,G,1,424,24,0.0003340096262646485
Evan Boehm,G,2,805,49,0.00033346244011867444
Alaric Jackson,G,1,272,14,0.00033308517871026924
Daniel Brunskill,C,2,1041,42,0.00033221675364749465
Nate Chandler,T,1,442,30,0.00032708866397989993
Aaron Stinnie,G,1,442,29,0.00032659652083084554
Cody Wallace,C,2,859,46,0.000325549431157952
Evan Boehm,C,1,233,5,0.00032465165342841415
Tony Bergstrom,C,1,174,4,0.0003234359563195138
Jason Fox,T,1,562,48,0.0003231840169713431
Will Clapp,C,2,716,32,0.00032058022872681255
Will Svitek,T,1,158,8,0.00032005325658292076
Tyler Steen,G,1,589,36,0.00031900737455001113
Liam Eichenberg,C,1,479,20,0.00031865666130518293
Tom Compton,G,3,987,65,0.0003172806223461746
Trey Pipkins III,T,5,2220,146,0.000316645309238937
O'Cyrus Torrence,G,3,1917,109,0.000315303187311318
J.C. Hassenauer,C,2,384,11,0.0003142285636606981
Jeff Linkenbach,T,1,235,16,0.0003125087165509404
Roderick Johnson,T,2,393,27,0.00031076676210051065
Tre Jackson,G,1,394,24,0.00031021417708884154
James Brewer,G,1,259,16,0.0003064967969191888
Jon Halapio,C,1,661,27,0.00029996901247232843
Joshua Ezeudu,T,1,181,12,0.0002947885725652396
B.J. Finney,C,1,174,3,0.0002943901181402253
Elgton Jenkins,C,1,310,10,0.0002941712580645034
Carter Warren,T,1,258,20,0.00029362271902454114
James Hudson III,T,3,679,57,0.0002935706141074986
Luke Bowanko,C,1,611,23,0.00029310097848919177
Will Rackley,G,1,422,30,0.0002917919768498131
Lance Louis,G,2,493,28,0.0002901116007163134
Austin Corbett,C,1,187,3,0.0002898888310395504
Jeremy Vujnovich,G,1,615,39,0.0002894873960035816
KT Leveston,T,1,413,33,0.0002860512542550482
Fernando Velasco,C,1,490,19,0.0002820981566046019
Chris Hubbard,G,1,164,7,0.0002768843421969219
Nick Harris,C,1,169,3,0.00027305567734184973
Paul Cornick,T,1,157,7,0.00027173097523143356
Ben Brown,C,1,440,16,0.00027161477323655735
Blake Brandel,G,1,677,41,0.0002681708708379652
Austin Schlottmann,C,3,563,25,0.0002611580454623705
Dennis Daley,G,1,348,20,0.0002554910379962858
Ben Garland,C,1,201,4,0.00025448554359715165
Isaiah Wynn,T,4,1378,75,0.0002516318949407051
Patrick Mekari,C,1,275,8,0.00025106582853307025
Jah Reid,T,1,347,29,0.0002480740043027982
Conor McDermott,T,2,453,33,0.00024562459668751716
Kraig Urbik,C,1,221,7,0.00024518571618091663
Ryan Groy,G,2,338,18,0.0002442915795093236
Mekhi Becton,G,2,894,61,0.00024282039263543812
Michael Roos,T,2,830,54,0.00024269627885559094
James Ferentz,C,1,165,4,0.00024018735537442097
Bryant McKinnie,T,1,657,59,0.00023845762871093983
Ben Garland,G,2,450,27,0.00023261882550609482
Jalen Travis,T,1,175,12,0.00023092393643577065
Ali Marpet,C,1,483,18,0.00022979259866562764
Corey Robinson,T,1,218,17,0.00022696728164180838
Anthony Steen,G,1,193,9,0.0002224372978461934
Jamon Meredith,T,1,264,21,0.00022182077414444005
Beaux Limmer,C,1,510,21,0.00021979523038142382
Spencer Long,C,3,1209,45,0.00021970552012111908
Marcus Martin,C,2,830,44,0.0002177332230505182
Brandon Knight,T,1,517,37,0.00021768904167734094
Jack Driscoll,G,1,293,18,0.00021409524647861793
Matt Goncalves,T,1,305,22,0.00021271173003700944
Jake Hanson,G,1,165,9,0.00021209976970962274
Brian Schwenke,C,3,932,45,0.00021023598879392222
Olusegun Oluwatimi,C,1,260,8,0.00020980691984162018
Hroniss Grasu,C,2,494,25,0.00020857804739075328
Caleb Benenoch,T,1,221,17,0.00020818698264725175
Joe Reitz,G,1,168,6,0.0002063462969154143
Matt Slauson,C,1,626,28,0.00020620137294275539
Arie Kouandjio,G,1,275,16,0.0002047582566675086
Juice Scruggs,C,1,543,22,0.00020403144189673895
Michael Deiter,G,1,708,44,0.00020234812694228829
Deion Calhoun,G,1,332,18,0.0002005860040870337
Danny Pinter,G,1,183,9,0.00019906291314115
Spencer Drango,T,1,402,35,0.00019411995704473443
Greg Mancz,G,2,563,37,0.00019333192865598881
Austin Jackson,G,1,708,49,0.0001814745030974715
Alvin Bailey,T,1,201,14,0.00017162511480995612
Jarrett Patterson,G,1,206,11,0.00016793249076448794
Cody Mauch,G,2,1382,66,0.00016269953563383425
Lucas Niang,T,1,360,26,0.00016064419442386786
John Urschel,G,1,177,9,0.000157330296792581
Shelley Smith,G,2,418,28,0.00015694549401285213
Amini Silatolu,G,1,262,14,0.00015686663559783809
Hakeem Adeniji,G,1,350,23,0.00015601204279637717
Vadal Alexander,T,2,340,30,0.00015524030669363748
Will Holden,T,1,197,16,0.00015353232339283766
Luke Wypler,C,1,165,5,0.0001511260100994042
Marcus McKethan,G,1,245,17,0.0001499867050711487
Spencer Anderson,G,1,182,10,0.0001484432857589866
Bobby Evans,T,1,296,23,0.00014226045136864722
Alijah Vera-Tucker,T,1,164,14,0.00013472614822987038
Cole Toner,G,1,176,10,0.00012938671931802474
Korey Cunningham,T,1,209,18,0.00012920449837844762
Chris Spencer,C,1,215,8,0.00012735472784218085
Tim Lelito,C,1,169,5,0.00012615262485902434
Jordan Meredith,C,1,439,20,0.0001252238276602011
Larry Borom,T,5,1545,108,0.00012499515672319836
Esa Pole,T,1,186,15,0.00012207807398548415
Alvin Bailey,G,1,267,17,0.00012118406842637414
Rasheed Walker,T,3,1649,102,0.00011907719100064963
Eric Kush,C,1,164,6,0.0001182724313287644
Jim Cordle,C,1,287,13,0.00011377355406571526
Brett Toth,G,1,211,13,0.00011282632603576529
Sam Brenner,G,1,183,13,0.00010945109072715328
Mike Pouncey,G,1,503,31,0.00010914958082675886
Jamarco Jones,G,1,179,10,0.00010579417416158906
John Greco,C,1,343,17,0.00010444506271561698
Gino Gradkowski,C,1,723,36,0.00010345862802753193
Chaz Green,T,1,161,14,0.0001028578077665218
Brock Hoffman,C,1,285,12,0.0001026067975850648
Caleb Rogers,G,1,179,11,0.0001004300163404168
Blake Brandel,T,1,181,13,9.91860934903791e-05
Kyle Murphy,T,1,174,15,9.790566969055402e-05
Nick Easton,C,1,269,12,9.616680609816599e-05
Josh Fryar,T,1,192,16,9.326588801920528e-05
Landon Young,G,1,252,16,9.279207053166485e-05
Andy Gallik,C,1,326,19,9.193348301982867e-05
Ben Brown,G,1,165,10,8.92844320307858e-05
Jon Runyan,G,5,3011,118,8.783763778447747e-05
Brady Christensen,T,1,321,25,8.630073779441821e-05
Jordan Devey,T,1,176,13,8.085024512749095e-05
Jamon Meredith,G,1,240,19,7.934799178648132e-05
Josh Andrews,C,1,173,8,7.683681038550755e-05
Matt Hennessy,C,1,632,32,7.638601587229761e-05
Fernando Velasco,G,1,235,14,7.582887673689502e-05
Bradley Sowell,G,1,212,14,7.413482974621555e-05
Jon Gaines II,G,1,234,15,7.21400796547266e-05
Spencer Pulley,C,2,985,50,6.62787873124312e-05
David Molk,C,1,259,11,6.551149432988936e-05
Cade Mays,G,1,267,21,6.352216605388773e-05
Blake Brandel,C,1,395,19,6.180423386290093e-05
Olisaemeka Udoh,T,1,211,19,6.119474282931454e-05
Jeremiah Sirles,G,1,195,13,5.9006493643704436e-05
Adam Snyder,G,1,175,14,5.765647828010746e-05
Joe Looney,G,1,181,11,4.9089052453822255e-05
Ryan Wendell,C,1,714,37,4.643204595748633e-05
Colton McKivitz,G,1,172,12,4.548442317535891e-05
Isaiah Prince,T,1,224,18,4.2174700565102606e-05
Matt Gono,T,1,206,16,4.206298649141439e-05
Blake Fisher,T,1,219,18,3.6518283647597995e-05
James Stone,C,1,449,21,3.3199934371584436e-05
Alex Forsyth,C,1,173,8,2.6572230453182683e-05
Nick Saldiveri,G,1,203,14,1.9050708730377763e-05
Connor Colby,G,1,281,20,1.864541762089903e-05
Colby Gossett,G,1,190,14,1.536941846121594e-05
Rich Ohrnberger,C,1,272,13,9.59693016845521e-06
Dan Feeney,C,1,729,33,6.863544443717433e-06
Michael Harris,T,1,214,18,5.9350597040360765e-06
Michael Jurgens,C,1,177,9,5.55452271171157e-06
John Urschel,C,1,368,24,-2.4378461248730367e-06
Joe Noteboom,G,1,256,18,-8.700186817221531e-06
Xavier Newman,G,1,188,16,-1.0049009275245837e-05
Demontrey Jacobs,T,1,566,49,-1.1950769154759714e-05
Kayode Awosika,G,2,327,26,-1.6355734146834676e-05
Tyre Phillips,G,1,208,16,-2.0893365568171635e-05
Austin Pasztor,G,1,188,16,-2.308663502771389e-05
Levi Brown,T,1,175,18,-2.4972565560556883e-05
Robert Turner,C,1,232,13,-2.7681486687017413e-05
Netane Muti,G,1,176,14,-3.369679151285293e-05
Justin Murray,T,1,537,25,-3.554431220752784e-05
Le'Raven Clark,G,1,209,16,-3.666563428509412e-05
Trevor Penning,G,1,345,26,-3.6864550385435406e-05
Billy Price,G,1,403,29,-4.1778241333402364e-05
Shane Lemieux,C,1,221,12,-5.141104397350095e-05
Trent Scott,G,1,195,16,-5.2494515436345504e-05
Keith Ismael,C,1,217,13,-6.087326756744081e-05
Nathan Thomas,T,1,219,23,-7.186445861175627e-05
Will Richardson Jr.,G,1,303,23,-7.569340531550351e-05
Foster Sarell,T,1,186,18,-7.722819417218981e-05
David Quessenberry,T,4,1321,93,-8.378981652954121e-05
Wes Martin,G,2,407,31,-8.784655224417475e-05
Wes Schweitzer,C,1,238,15,-8.80179295548178e-05
Asim Richards,T,1,218,23,-8.807299003685059e-05
Jaylon Moore,T,1,257,27,-8.81701702237174e-05
Mike Caliendo,G,1,259,21,-8.829792624951488e-05
Kyle Fuller,C,1,281,17,-9.859087708570782e-05
Shane Lemieux,G,1,299,25,-0.00011513722682073887
Jeremiah Poutasi,T,1,234,26,-0.00011679044449706914
Mason Cole,C,5,2678,130,-0.00011723047035005625
Nick McDonald,C,1,260,15,-0.00012059193156414181
Jake Curhan,G,1,171,15,-0.00012128295768813387
Austin Schlottmann,G,1,176,16,-0.00012952671150462803
Oniel Cousins,G,1,228,23,-0.00012963097577684915
Bryce Harris,T,1,266,26,-0.00013233128536114
Brady Christensen,C,1,223,14,-0.00013344520262846085
Billy Turner,G,3,1691,97,-0.00013897135164533622
Eugene Monroe,T,3,1309,72,-0.00014140947086983054
Cyril Richardson,G,1,201,17,-0.00015757519245082927
Ethan Pocic,G,2,613,48,-0.00016255109384302234
Dan Skipper,G,1,203,19,-0.00017090853125362285
Nash Jensen,G,1,171,18,-0.00017239935693594895
Xavier Su'a-Filo,G,6,2265,137,-0.00018010262147271895
Jordan Devey,G,1,230,23,-0.00018849930869588923
Cameron Erving,C,1,489,30,-0.00018997416875200635
Gosder Cherilus,T,3,1866,134,-0.00020628542157313183
Sean Rhyan,C,1,462,28,-0.00020709770083917448
Ted Larsen,G,6,2439,149,-0.00021529546479615632
Daniel Brunskill,G,3,1337,73,-0.00021867633916108204
Dylan Parham,G,4,2411,145,-0.0002269153657226418
Jack Driscoll,T,2,377,37,-0.00022876083985124275
Rashod Hill,T,3,880,67,-0.00023403050376822904
Alex Cappa,C,1,349,23,-0.00024705887885484033
Marcus Mbow,T,1,209,26,-0.0002509114585800605
James Hurst,T,7,2389,144,-0.00028557520024800843
Joe Haeg,G,1,615,53,-0.00029405521985765356
Colin Brown,G,1,224,26,-0.00029697167625708406
Andrus Peat,G,5,2060,101,-0.0003006636192272737
Trevor Robinson,C,1,662,51,-0.00030131019243204057
Sataoa Laumea,G,1,219,23,-0.0003222792521286661
Atonio Mafi,G,1,296,32,-0.00034404289250855385
Peter Konz,C,1,618,42,-0.0003446812821841351
Jake Curhan,T,2,417,47,-0.0003660950454864607
Julie'n Davenport,T,3,1185,119,-0.0004046087710297912
Tyler Larsen,C,3,1012,64,-0.00042023667264277047
D'Brickashaw Ferguson,T,3,1885,139,-0.0004301631671612765
Alex Leatherwood,G,1,708,65,-0.00043537474753675134
Josh Walker,T,1,223,33,-0.0004538050552655077
Bobby Evans,G,1,203,24,-0.0004557614743125758
Oniel Cousins,T,1,220,29,-0.00047661984008372287
Josh Andrews,G,1,188,25,-0.0005038928799978314
Chandler Zavala,G,1,249,33,-0.0005587742565954882
Isaiah Adams,G,2,833,41,-0.0005762763779949184
La'el Collins,T,5,2936,174,-0.0005952790522296609
Trey Pipkins III,G,1,521,29,-0.0005954817432444727
Orlando Franklin,G,3,1600,89,-0.0006052082287455379
Jaelyn Duncan,T,1,207,36,-0.0006304045719723337
Paul Fanaika,G,2,1221,83,-0.0006748078686851563
Brandon Coleman,T,2,695,41,-0.0006793758000060487
Matt Skura,G,3,1167,68,-0.0007237077744333871
Chris Chester,G,4,2723,151,-0.0007844819667175962
Spencer Burford,G,3,1116,70,-0.0007857744201562517
Tyler Smith,T,1,623,39,-0.0008422315814214027
Josh Conerly Jr.,T,1,624,43,-0.0008514339003064017
Olumuyiwa Fashanu,T,2,1006,62,-0.0009335636458272758
Sam Young,T,4,969,65,-0.0009468000924281203
Aireontae Ersery,T,1,664,43,-0.0009711222735193195
Spencer Long,G,1,505,30,-0.000986775479457876
Seantrel Henderson,T,2,991,65,-0.0010129335288681486
Bryan Witzmann,G,2,850,49,-0.0010138456305906875
King Dunlap,T,4,1697,120,-0.0010548668183293496
J'Marcus Webb,G,1,688,40,-0.001099108587534411
Royce Newman,G,2,931,50,-0.0011116872094827195
Spencer Brown,T,5,2726,165,-0.0011226894182392476
Matt Pryor,T,2,629,39,-0.0011496993240651368
Spencer Drango,G,1,407,28,-0.0011977421299293569
Austin Jackson,T,4,1622,82,-0.0012002070827843376
Andrew Gardner,T,1,387,25,-0.001309233228048237
Tytus Howard,T,5,2768,156,-0.001316309348176033
Christian Mahogany,G,1,407,27,-0.001336805174293722
DJ Glaze,T,2,1304,99,-0.0013626065085028888
Terence Steele,T,6,3786,246,-0.0013853481383067346
Halapoulivaati Vaitai,T,3,947,73,-0.0014237212884429479
Matt Goncalves,G,1,603,34,-0.0014558107846599994
Chad Wheeler,T,1,534,43,-0.001489897209266737
Walker Little,T,3,1340,86,-0.0015726067694084845
Joe Haeg,T,3,1023,73,-0.0015977637790491966
Caleb Benenoch,G,1,572,42,-0.0016908774726435807
Ty Sambrailo,T,2,388,17,-0.001697718795396817
Eric Kush,G,2,500,23,-0.0017208912119374624
Joshua Garnett,G,1,451,38,-0.0017520210335486893
Rob Havenstein,T,11,5600,331,-0.0017620484264987905
Kenny Wiggins,G,4,1938,122,-0.0017805116040520974
Khaled Holmes,C,1,328,22,-0.0017815787735604581
Jonah Jackson,G,6,3086,160,-0.0017849321642650013
Dakota Dozier,G,2,815,64,-0.0018103211116715008
Trevor Penning,T,2,908,73,-0.0018340539165297258
Max Mitchell,T,2,568,44,-0.00184080806104902
Calvin Anderson,T,1,289,22,-0.0018860651826102207
Billy Turner,T,3,1309,76,-0.0019156996901675376
Charles Brown,T,1,622,49,-0.001947821572645507
Jared Wilson,G,1,486,28,-0.001958343450371985
Drew Dalman,C,4,2018,90,-0.001975485140883448
Garry Gilliam,T,2,1130,101,-0.001988553601356491
Cody Ford,G,3,813,61,-0.00201200930231604
Dan Connolly,G,2,1172,78,-0.002014400295624464
Thayer Munford Jr.,T,2,519,39,-0.0020217296846698905
Menelik Watson,T,2,598,51,-0.002048425194580438
Byron Bell,T,2,1167,98,-0.0020586030091210355
Michael Oher,T,3,1686,123,-0.0020626765153770165
Saahdiq Charles,G,3,787,68,-0.0021109221318686656
John Jerry,T,1,314,27,-0.002113448216630038
Bobby Massie,T,8,4175,266,-0.0021413536003746392
Theo Benedet,T,1,329,26,-0.00215718206179642
Luke Goedeke,G,1,349,22,-0.002162692794114734
Shon Coleman,T,1,708,64,-0.002175076223695085
Byron Bell,G,2,1030,75,-0.002291720784211559
Justin Dedich,G,1,302,20,-0.0023103771542386294
John Miller,G,6,2971,171,-0.002316232808304658
Rashaad Coward,G,2,653,44,-0.0023295368441769615
Justin Britt,T,1,573,49,-0.002348008467918852
Broderick Jones,T,3,1378,95,-0.002373219360679078
Olisaemeka Udoh,G,1,662,45,-0.0023799065621962746
Chris Clark,T,7,2851,213,-0.0024023106875183027
Ed Ingram,G,4,2293,148,-0.0024231190720720667
Brandon Fusco,G,5,2619,157,-0.0024311903086938766
Justin McCray,T,2,583,47,-0.002438133489265088
Trent Scott,T,2,760,63,-0.0024938138065203116
Jonah Savaiinaea,G,1,579,45,-0.0024946855110424293
Jalen Rivers,G,1,328,27,-0.0024961684526414226
Josh Jones,T,1,417,27,-0.0025114723000829895
Tom Compton,T,2,703,54,-0.00251207293371017
Braxton Jones,T,3,1434,98,-0.0025215657135993375
Derek Newton,T,4,2015,154,-0.0025313928618702097
Bryan Bulaga,T,7,3354,168,-0.0025322046137730516
Liam Eichenberg,T,1,704,62,-0.0025496786286584028
Sua Opeta,G,1,311,25,-0.002566397354538333
Andrew Wylie,T,4,2296,146,-0.002570483333393423
Tony Bergstrom,G,1,336,23,-0.002581535934173754
Earl Watford,G,3,1083,77,-0.0025836971821450927
Layden Robinson,G,1,366,33,-0.002594699854700225
Anthony Belton,G,1,258,23,-0.0026019760052387072
Mike McGlinchey,T,8,4377,245,-0.002618074326016188
Jalen Mayfield,G,1,622,57,-0.0026232626415515245
Dalton Tucker,G,1,279,24,-0.002630191045206279
Desmond Harrison,T,1,383,32,-0.0026378410651893033
Wanya Morris,T,2,688,59,-0.0026482338380670795
Storm Norton,T,2,926,74,-0.002665321239778725
Cameron Erving,G,3,1013,70,-0.0027111815903887613
Paul McQuistan,G,1,426,37,-0.002770803647850496
Joe Noteboom,T,3,947,72,-0.002826513595193314
Gabe Carimi,T,1,382,31,-0.002843178272195404
Blake Hance,T,1,366,31,-0.0028519713209524604
Calvin Throckmorton,G,3,1159,69,-0.002865777454408356
Johnnie Troutman,G,2,853,62,-0.0028742777140216827
Brandon Parker,T,3,1243,109,-0.002896041116400637
Nate Chandler,G,1,286,27,-0.0029270475732175653
Lamar Holmes,T,1,735,76,-0.0029354879046765334
David Diehl,G,1,413,42,-0.00293989256784262
Bobby Hart,T,6,3160,223,-0.002942014350715067
Cedric Ogbuehi,T,4,1175,105,-0.0029426236896012486
John Wetzel,T,3,1250,118,-0.002960394436057219
Cameron Bradfield,T,1,506,50,-0.0029817346623068936
Jamaree Salyer,T,2,942,65,-0.002995807957208274
Anthony Collins,T,2,739,41,-0.0030519858003557093
Chris Williams,G,1,531,41,-0.0030786610241927046
Joe Looney,C,3,1423,62,-0.003103120764072462
Kelvin Banks Jr.,T,1,680,46,-0.003117515718448497
Michael Schofield III,T,2,772,82,-0.0031444293346969574
Austin Deculus,T,1,342,37,-0.0031879771946286798
Sam Tevi,T,3,1666,134,-0.0031911216760321013
Jedrick Wills Jr.,T,5,2083,127,-0.003202546835090158
Dallas Thomas,G,2,1111,96,-0.003207296263095948
Halapoulivaati Vaitai,G,3,1165,59,-0.003246108251005548
Josh Simmons,T,1,367,18,-0.0032741427066677042
T.J. Clemmings,T,2,1122,108,-0.003347667541291751
J'Marcus Webb,T,1,372,39,-0.0033679343267282685
Nicholas Petit-Frere,T,2,877,76,-0.0033878650121957755
Charlie Heck,T,3,964,79,-0.0034069804944067694
Vederian Lowe,T,3,967,86,-0.003411874797647109
Martinas Rankin,T,2,459,37,-0.003448760332225452
Greg Little,T,1,352,35,-0.0034509132156907408
Kolton Miller,T,7,4327,254,-0.0034532066547971717
Alex Lewis,G,4,1598,98,-0.0034736162788301496
Matt Nelson,T,2,568,49,-0.003480806172228585
Matt Tobin,G,2,918,69,-0.0034882587128473646
Germain Ifedi,T,5,2490,170,-0.0035209377305086787
Doug Free,T,4,2227,141,-0.003587598175835871
Luke Joeckel,T,3,1465,112,-0.003589407455695715
Cody Ford,T,2,887,68,-0.003601725121932871
Donovan Smith,T,9,6086,376,-0.003686220037981524
Cameron Erving,T,3,920,65,-0.0038840020189767786
Blake Freeland,T,1,426,45,-0.003918600390031401
Lucas Nix,G,1,382,40,-0.0039241198085089345
Brian Winters,G,8,3441,207,-0.003933260233714619
Shawn Lauvao,G,5,2194,133,-0.003947859942652309
Bradley Sowell,T,2,890,98,-0.004100194746068996
Rees Odhiambo,T,1,318,35,-0.004120149713584832
Ryan Clady,T,2,977,66,-0.004263697961265979
D.J. Fluker,T,3,1514,121,-0.004272788481610614
Alejandro Villanueva,T,7,4689,288,-0.004308474527515751
Allen Barbre,G,3,1489,89,-0.004353050715142443
Dan Moore Jr.,T,5,3160,229,-0.004396872888382485
Tyler Guyton,T,2,857,57,-0.0043972924009885546
Elijah Wilkinson,G,3,903,62,-0.004402267575528127
Matt Kalil,T,4,2446,192,-0.004430541627127386
Andre Smith,T,6,2228,147,-0.004434153940458119
Justin Skule,T,3,837,64,-0.004436412002109102
Don Barclay,T,2,857,79,-0.004443395065292337
Mike Adams,T,2,538,54,-0.004548709375229791
Jamil Douglas,G,2,612,50,-0.004717149463723093
Jonathan Martin,T,2,690,57,-0.004858856723102378
Cornelius Lucas,T,8,2349,166,-0.004941574505510601
Elijah Wilkinson,T,3,1446,96,-0.005053627781736902
Ikem Ekwonu,T,4,2425,150,-0.005078634672455836
Marshall Newhouse,T,6,2158,168,-0.005112804155411913
Erik Pears,T,2,1296,90,-0.005138607832163318
Jonotthan Harrison,G,1,289,28,-0.0051789395929714
Kenyon Green,G,2,875,75,-0.005421761479832733
Fred Johnson,T,3,879,75,-0.005590453652912353
Donald Stephenson,T,4,1317,129,-0.0057177455830635
Pat Elflein,G,2,720,56,-0.005914805797640832
Breno Giacomini,T,5,2420,214,-0.005948184082594524
LaAdrian Waddle,T,5,1346,116,-0.006167716239767193
George Fant,T,6,2692,175,-0.006187072774211542
Dennis Daley,T,2,964,98,-0.006515184320830605
Andre Dillard,T,3,764,86,-0.008193997822616674
Eric Fisher,T,9,5025,329,-0.008306008393726215
Jordan Mills,T,6,3185,256,-0.008383735694455208
Evan Neal,T,3,1076,85,-0.008793799377989422
Stone Forsythe,T,3,1075,107,-0.010078904774072837
Cam Robinson,T,8,4297,289,-0.01112438200807751
Ereck Flowers,T,4,2281,207,-0.011555173719890371
